Week,Day,Date,Time,Winner/tie,,Loser/tie,,Pts,Pts,YdsW,TOW,YdsL,TOL,,,,,,,,LINES,,,,
1,Thu,7/09/2017,8:30PM,Kansas City Chiefs,@,New England Patriots,boxscore,42,27,537,1,371,0,@,New England Patriots,Kansas City Chiefs,New England PatriotsKansas City Chiefs,,,,-8,New England Patriots,Philadelphia Eagles,New England PatriotsPhiladelphia Eagles,-4.5
1,Sun,10/09/2017,1:00PM,Atlanta Falcons,@,Chicago Bears,boxscore,23,17,372,0,301,0,,Chicago Bears,Atlanta Falcons,Chicago BearsAtlanta Falcons,,,,6.5,Philadelphia Eagles,Minnesota Vikings,Philadelphia EaglesMinnesota Vikings,3
1,Sun,10/09/2017,1:00PM,Buffalo Bills,,New York Jets,boxscore,21,12,408,1,214,2,,Buffalo Bills,New York Jets,Buffalo BillsNew York Jets,,,,-7,New England Patriots,Jacksonville Jaguars,New England PatriotsJacksonville Jaguars,-7.5
1,Sun,10/09/2017,1:00PM,Oakland Raiders,@,Tennessee Titans,boxscore,26,16,359,0,350,0,,Tennessee Titans,Oakland Raiders,Tennessee TitansOakland Raiders,,,,-2.5,Minnesota Vikings,New Orleans Saints,Minnesota VikingsNew Orleans Saints,-5.5
1,Sun,10/09/2017,1:00PM,Philadelphia Eagles,@,Washington Redskins,boxscore,30,17,356,2,264,4,,Washington Redskins,Philadelphia Eagles,Washington RedskinsPhiladelphia Eagles,,,,1,Pittsburgh Steelers,Jacksonville Jaguars,Pittsburgh SteelersJacksonville Jaguars,-7
1,Sun,10/09/2017,1:00PM,Baltimore Ravens,@,Cincinnati Bengals,boxscore,20,0,268,1,221,5,,Cincinnati Bengals,Baltimore Ravens,Cincinnati BengalsBaltimore Ravens,,,,-2.5,New England Patriots,Tennessee Titans,New England PatriotsTennessee Titans,-13.5
1,Sun,10/09/2017,1:00PM,Pittsburgh Steelers,@,Cleveland Browns,boxscore,21,18,290,1,237,1,,Cleveland Browns,Pittsburgh Steelers,Cleveland BrownsPittsburgh Steelers,,,,10,Philadelphia Eagles,Atlanta Falcons,Philadelphia EaglesAtlanta Falcons,2.5
1,Sun,10/09/2017,1:00PM,Detroit Lions,,Arizona Cardinals,boxscore,35,23,367,1,308,4,,Detroit Lions,Arizona Cardinals,Detroit LionsArizona Cardinals,,,,2.5,New Orleans Saints,Carolina Panthers,New Orleans SaintsCarolina Panthers,-6.5
1,Sun,10/09/2017,1:00PM,Jacksonville Jaguars,@,Houston Texans,boxscore,29,7,280,0,203,4,,Houston Texans,Jacksonville Jaguars,Houston TexansJacksonville Jaguars,,,,-5,Jacksonville Jaguars,Buffalo Bills,Jacksonville JaguarsBuffalo Bills,-8.5
1,Sun,10/09/2017,4:05PM,Los Angeles Rams,,Indianapolis Colts,boxscore,46,9,373,1,225,3,,Los Angeles Rams,Indianapolis Colts,Los Angeles RamsIndianapolis Colts,,,,-3.5,Los Angeles Rams,Atlanta Falcons,Los Angeles RamsAtlanta Falcons,-6.5
1,Sun,10/09/2017,4:25PM,Carolina Panthers,@,San Francisco 49ers,boxscore,23,3,287,2,217,2,,San Francisco 49ers,Carolina Panthers,San Francisco 49ersCarolina Panthers,,,,4,Kansas City Chiefs,Tennessee Titans,Kansas City ChiefsTennessee Titans,-8.5
1,Sun,10/09/2017,4:25PM,Green Bay Packers,,Seattle Seahawks,boxscore,17,9,370,1,225,1,,Green Bay Packers,Seattle Seahawks,Green Bay PackersSeattle Seahawks,,,,-2.5,Denver Broncos,Kansas City Chiefs,Denver BroncosKansas City Chiefs,-3
1,Sun,10/09/2017,8:30PM,Dallas Cowboys,,New York Giants,boxscore,19,3,392,0,233,1,,Dallas Cowboys,New York Giants,Dallas CowboysNew York Giants,,,,-6,Los Angeles Chargers,Oakland Raiders,Los Angeles ChargersOakland Raiders,-7
1,Mon,11/09/2017,7:10PM,Minnesota Vikings,,New Orleans Saints,boxscore,29,19,470,0,344,0,,Minnesota Vikings,New Orleans Saints,Minnesota VikingsNew Orleans Saints,,,,-5.5,Los Angeles Rams,San Francisco 49ers,Los Angeles RamsSan Francisco 49ers,6
1,Mon,11/09/2017,10:20PM,Denver Broncos,,Los Angeles Chargers,boxscore,24,21,321,2,249,1,,Denver Broncos,Los Angeles Chargers,Denver BroncosLos Angeles Chargers,,,,-3,Seattle Seahawks,Arizona Cardinals,Seattle SeahawksArizona Cardinals,-8
2,Thu,14/09/2017,8:25PM,Houston Texans,@,Cincinnati Bengals,boxscore,13,9,266,0,295,1,,Cincinnati Bengals,Houston Texans,Cincinnati BengalsHouston Texans,,,,-5,Atlanta Falcons,Carolina Panthers,Atlanta FalconsCarolina Panthers,-5
2,Sun,17/09/2017,1:00PM,Tampa Bay Buccaneers,,Chicago Bears,boxscore,29,7,311,1,310,4,,Tampa Bay Buccaneers,Chicago Bears,Tampa Bay BuccaneersChicago Bears,,,,-7,Baltimore Ravens,Cincinnati Bengals,Baltimore RavensCincinnati Bengals,-8
2,Sun,17/09/2017,1:00PM,Tennessee Titans,@,Jacksonville Jaguars,boxscore,37,16,390,1,310,3,,Jacksonville Jaguars,Tennessee Titans,Jacksonville JaguarsTennessee Titans,,,,1,Detroit Lions,Green Bay Packers,Detroit LionsGreen Bay Packers,-7.5
2,Sun,17/09/2017,1:00PM,Kansas City Chiefs,,Philadelphia Eagles,boxscore,27,20,344,0,406,2,,Kansas City Chiefs,Philadelphia Eagles,Kansas City ChiefsPhiladelphia Eagles,,,,-4,Indianapolis Colts,Houston Texans,Indianapolis ColtsHouston Texans,-5.5
2,Sun,17/09/2017,1:00PM,Arizona Cardinals,@,Indianapolis Colts,boxscore,16,13,389,1,266,1,,Indianapolis Colts,Arizona Cardinals,Indianapolis ColtsArizona Cardinals,,,,7,Miami Dolphins,Buffalo Bills,Miami DolphinsBuffalo Bills,2.5
2,Sun,17/09/2017,1:00PM,Pittsburgh Steelers,,Minnesota Vikings,boxscore,26,9,335,0,237,1,,Pittsburgh Steelers,Minnesota Vikings,Pittsburgh SteelersMinnesota Vikings,,,,-8.5,Minnesota Vikings,Chicago Bears,Minnesota VikingsChicago Bears,-13.5
2,Sun,17/09/2017,1:00PM,New England Patriots,@,New Orleans Saints,boxscore,36,20,555,0,429,0,,New Orleans Saints,New England Patriots,New Orleans SaintsNew England Patriots,,,,5.5,New England Patriots,New York Jets,New England PatriotsNew York Jets,-17
2,Sun,17/09/2017,1:00PM,Carolina Panthers,,Buffalo Bills,boxscore,9,3,255,0,176,0,,Carolina Panthers,Buffalo Bills,Carolina PanthersBuffalo Bills,,,,-6,New York Giants,Washington Redskins,New York GiantsWashington Redskins,4.5
2,Sun,17/09/2017,1:00PM,Baltimore Ravens,,Cleveland Browns,boxscore,24,10,337,2,386,5,,Baltimore Ravens,Cleveland Browns,Baltimore RavensCleveland Browns,,,,-7.5,Philadelphia Eagles,Dallas Cowboys,Philadelphia EaglesDallas Cowboys,3.5
2,Sun,17/09/2017,4:05PM,Miami Dolphins,@,Los Angeles Chargers,boxscore,19,17,336,0,367,0,,Los Angeles Chargers,Miami Dolphins,Los Angeles ChargersMiami Dolphins,,,,-3.5,Pittsburgh Steelers,Cleveland Browns,Pittsburgh SteelersCleveland Browns,-5
2,Sun,17/09/2017,4:05PM,Oakland Raiders,,New York Jets,boxscore,45,20,410,0,271,2,,Oakland Raiders,New York Jets,Oakland RaidersNew York Jets,,,,-14,Tampa Bay Buccaneers,New Orleans Saints,Tampa Bay BuccaneersNew Orleans Saints,6
2,Sun,17/09/2017,4:25PM,Denver Broncos,,Dallas Cowboys,boxscore,42,17,380,2,268,2,,Denver Broncos,Dallas Cowboys,Denver BroncosDallas Cowboys,,,,2.5,Tennessee Titans,Jacksonville Jaguars,Tennessee TitansJacksonville Jaguars,-2.5
2,Sun,17/09/2017,4:25PM,Washington Redskins,@,Los Angeles Rams,boxscore,27,20,385,0,332,2,,Los Angeles Rams,Washington Redskins,Los Angeles RamsWashington Redskins,,,,-3,Philadelphia Eagles,Oakland Raiders,Philadelphia EaglesOakland Raiders,-10
2,Sun,17/09/2017,4:25PM,Seattle Seahawks,,San Francisco 49ers,boxscore,12,9,312,0,248,1,,Seattle Seahawks,San Francisco 49ers,Seattle SeahawksSan Francisco 49ers,,,,-13.5,Houston Texans,Pittsburgh Steelers,Houston TexansPittsburgh Steelers,8
2,Sun,17/09/2017,8:30PM,Atlanta Falcons,,Green Bay Packers,boxscore,34,23,364,0,367,2,,Atlanta Falcons,Green Bay Packers,Atlanta FalconsGreen Bay Packers,,,,-3,Arizona Cardinals,New York Giants,Arizona CardinalsNew York Giants,-3
2,Mon,18/09/2017,8:30PM,Detroit Lions,@,New York Giants,boxscore,24,10,257,1,270,1,,New York Giants,Detroit Lions,New York GiantsDetroit Lions,,,,-3,Dallas Cowboys,Seattle Seahawks,Dallas CowboysSeattle Seahawks,-3.5
3,Thu,21/09/2017,8:25PM,Los Angeles Rams,@,San Francisco 49ers,boxscore,41,39,418,2,421,2,,San Francisco 49ers,Los Angeles Rams,San Francisco 49ersLos Angeles Rams,,,,3,San Francisco 49ers,Jacksonville Jaguars,San Francisco 49ersJacksonville Jaguars,4
3,Sun,24/09/2017,9:30AM,Jacksonville Jaguars,,Baltimore Ravens,boxscore,44,7,410,0,186,3,,Jacksonville Jaguars,Baltimore Ravens,Jacksonville JaguarsBaltimore Ravens,,,,3,Carolina Panthers,Tampa Bay Buccaneers,Carolina PanthersTampa Bay Buccaneers,-10
3,Sun,24/09/2017,1:00PM,New York Jets,,Miami Dolphins,boxscore,20,6,336,1,225,2,,New York Jets,Miami Dolphins,New York JetsMiami Dolphins,,,,5.5,Chicago Bears,Cleveland Browns,Chicago BearsCleveland Browns,-5.5
3,Sun,24/09/2017,1:00PM,Atlanta Falcons,@,Detroit Lions,boxscore,30,26,428,3,324,0,,Detroit Lions,Atlanta Falcons,Detroit LionsAtlanta Falcons,,,,3,Cincinnati Bengals,Detroit Lions,Cincinnati BengalsDetroit Lions,3.5
3,Sun,24/09/2017,1:00PM,Buffalo Bills,,Denver Broncos,boxscore,26,16,272,0,366,2,,Buffalo Bills,Denver Broncos,Buffalo BillsDenver Broncos,,,,3.5,Kansas City Chiefs,Miami Dolphins,Kansas City ChiefsMiami Dolphins,-11
3,Sun,24/09/2017,1:00PM,New England Patriots,,Houston Texans,boxscore,36,33,396,1,417,2,,New England Patriots,Houston Texans,New England PatriotsHouston Texans,,,,-13.5,New England Patriots,Buffalo Bills,New England PatriotsBuffalo Bills,-11
3,Sun,24/09/2017,1:00PM,Indianapolis Colts,,Cleveland Browns,boxscore,31,28,335,1,346,3,,Indianapolis Colts,Cleveland Browns,Indianapolis ColtsCleveland Browns,,,,1,New Orleans Saints,Atlanta Falcons,New Orleans SaintsAtlanta Falcons,-5.5
3,Sun,24/09/2017,1:00PM,Minnesota Vikings,,Tampa Bay Buccaneers,boxscore,34,17,494,0,342,3,,Minnesota Vikings,Tampa Bay Buccaneers,Minnesota VikingsTampa Bay Buccaneers,,,,0,New York Jets,Los Angeles Chargers,New York JetsLos Angeles Chargers,7.5
3,Sun,24/09/2017,1:00PM,Philadelphia Eagles,,New York Giants,boxscore,27,24,354,1,415,2,,Philadelphia Eagles,New York Giants,Philadelphia EaglesNew York Giants,,,,-5,Tennessee Titans,Los Angeles Rams,Tennessee TitansLos Angeles Rams,5.5
3,Sun,24/09/2017,1:00PM,New Orleans Saints,@,Carolina Panthers,boxscore,34,13,362,0,288,3,,Carolina Panthers,New Orleans Saints,Carolina PanthersNew Orleans Saints,,,,-5,Washington Redskins,Denver Broncos,Washington RedskinsDenver Broncos,-3
3,Sun,24/09/2017,1:00PM,Chicago Bears,,Pittsburgh Steelers,boxscore,23,17,306,2,282,2,,Chicago Bears,Pittsburgh Steelers,Chicago BearsPittsburgh Steelers,,,,7,Green Bay Packers,Minnesota Vikings,Green Bay PackersMinnesota Vikings,8.5
3,Sun,24/09/2017,4:05PM,Tennessee Titans,,Seattle Seahawks,boxscore,33,27,420,0,433,0,,Tennessee Titans,Seattle Seahawks,Tennessee TitansSeattle Seahawks,,,,-2,Baltimore Ravens,Indianapolis Colts,Baltimore RavensIndianapolis Colts,-13.5
3,Sun,24/09/2017,4:25PM,Green Bay Packers,,Cincinnati Bengals,boxscore,27,24,344,1,301,1,,Green Bay Packers,Cincinnati Bengals,Green Bay PackersCincinnati Bengals,,,,-7,Tampa Bay Buccaneers,Atlanta Falcons,Tampa Bay BuccaneersAtlanta Falcons,7
3,Sun,24/09/2017,4:25PM,Kansas City Chiefs,@,Los Angeles Chargers,boxscore,24,10,311,0,330,3,,Los Angeles Chargers,Kansas City Chiefs,Los Angeles ChargersKansas City Chiefs,,,,3,Oakland Raiders,Dallas Cowboys,Oakland RaidersDallas Cowboys,3
3,Sun,24/09/2017,8:30PM,Washington Redskins,,Oakland Raiders,boxscore,27,10,472,2,128,3,,Washington Redskins,Oakland Raiders,Washington RedskinsOakland Raiders,,,,3.5,Pittsburgh Steelers,New England Patriots,Pittsburgh SteelersNew England Patriots,2.5
3,Mon,25/09/2017,8:30PM,Dallas Cowboys,@,Arizona Cardinals,boxscore,28,17,273,0,332,0,,Arizona Cardinals,Dallas Cowboys,Arizona CardinalsDallas Cowboys,,,,3,San Francisco 49ers,Tennessee Titans,San Francisco 49ersTennessee Titans,-2.5
4,Thu,28/09/2017,8:25PM,Green Bay Packers,,Chicago Bears,boxscore,35,14,260,0,308,4,,Green Bay Packers,Chicago Bears,Green Bay PackersChicago Bears,,,,-7.5,Seattle Seahawks,Los Angeles Rams,Seattle SeahawksLos Angeles Rams,1
4,Sun,1/10/2017,9:30AM,New Orleans Saints,@,Miami Dolphins,boxscore,20,0,347,0,186,1,,Miami Dolphins,New Orleans Saints,Miami DolphinsNew Orleans Saints,,,,3.5,Buffalo Bills,Miami Dolphins,Buffalo BillsMiami Dolphins,-3.5
4,Sun,1/10/2017,1:00PM,Carolina Panthers,@,New England Patriots,boxscore,33,30,444,2,373,0,,New England Patriots,Carolina Panthers,New England PatriotsCarolina Panthers,,,,-9,Carolina Panthers,Green Bay Packers,Carolina PanthersGreen Bay Packers,-3
4,Sun,1/10/2017,1:00PM,Detroit Lions,@,Minnesota Vikings,boxscore,14,7,251,0,284,3,,Minnesota Vikings,Detroit Lions,Minnesota VikingsDetroit Lions,,,,-2.5,Cleveland Browns,Baltimore Ravens,Cleveland BrownsBaltimore Ravens,6.5
4,Sun,1/10/2017,1:00PM,New York Jets,,Jacksonville Jaguars,boxscore,23,20,471,2,311,1,,New York Jets,Jacksonville Jaguars,New York JetsJacksonville Jaguars,,,,4,Jacksonville Jaguars,Houston Texans,Jacksonville JaguarsHouston Texans,-10.5
4,Sun,1/10/2017,1:00PM,Buffalo Bills,@,Atlanta Falcons,boxscore,23,17,281,0,389,3,,Atlanta Falcons,Buffalo Bills,Atlanta FalconsBuffalo Bills,,,,-8,Minnesota Vikings,Cincinnati Bengals,Minnesota VikingsCincinnati Bengals,-12.5
4,Sun,1/10/2017,1:00PM,Los Angeles Rams,@,Dallas Cowboys,boxscore,35,30,412,0,440,2,,Dallas Cowboys,Los Angeles Rams,Dallas CowboysLos Angeles Rams,,,,-4.5,New Orleans Saints,New York Jets,New Orleans SaintsNew York Jets,-16.5
4,Sun,1/10/2017,1:00PM,Pittsburgh Steelers,@,Baltimore Ravens,boxscore,26,9,381,1,288,3,,Baltimore Ravens,Pittsburgh Steelers,Baltimore RavensPittsburgh Steelers,,,,3.5,New York Giants,Philadelphia Eagles,New York GiantsPhiladelphia Eagles,7.5
4,Sun,1/10/2017,1:00PM,Houston Texans,,Tennessee Titans,boxscore,57,14,445,1,195,5,,Houston Texans,Tennessee Titans,Houston TexansTennessee Titans,,,,2.5,Washington Redskins,Arizona Cardinals,Washington RedskinsArizona Cardinals,-4
4,Sun,1/10/2017,1:00PM,Cincinnati Bengals,@,Cleveland Browns,boxscore,31,7,350,1,215,1,,Cleveland Browns,Cincinnati Bengals,Cleveland BrownsCincinnati Bengals,,,,3,Kansas City Chiefs,Los Angeles Chargers,Kansas City ChiefsLos Angeles Chargers,-1
4,Sun,1/10/2017,4:05PM,Arizona Cardinals,,San Francisco 49ers,boxscore,18,15,368,1,305,1,,Arizona Cardinals,San Francisco 49ers,Arizona CardinalsSan Francisco 49ers,,,,-6,Detroit Lions,Chicago Bears,Detroit LionsChicago Bears,-5
4,Sun,1/10/2017,4:05PM,Tampa Bay Buccaneers,,New York Giants,boxscore,25,23,434,0,379,0,,Tampa Bay Buccaneers,New York Giants,Tampa Bay BuccaneersNew York Giants,,,,-2.5,Indianapolis Colts,Denver Broncos,Indianapolis ColtsDenver Broncos,3
4,Sun,1/10/2017,4:05PM,Philadelphia Eagles,@,Los Angeles Chargers,boxscore,26,24,454,0,400,1,,Los Angeles Chargers,Philadelphia Eagles,Los Angeles ChargersPhiladelphia Eagles,,,,-2,Miami Dolphins,New England Patriots,Miami DolphinsNew England Patriots,10.5
4,Sun,1/10/2017,4:25PM,Denver Broncos,,Oakland Raiders,boxscore,16,10,298,0,254,1,,Denver Broncos,Oakland Raiders,Denver BroncosOakland Raiders,,,,-3.5,Pittsburgh Steelers,Baltimore Ravens,Pittsburgh SteelersBaltimore Ravens,-6
4,Sun,1/10/2017,8:30PM,Seattle Seahawks,,Indianapolis Colts,boxscore,46,18,477,2,237,2,,Seattle Seahawks,Indianapolis Colts,Seattle SeahawksIndianapolis Colts,,,,-12.5,Los Angeles Rams,Philadelphia Eagles,Los Angeles RamsPhiladelphia Eagles,-1
4,Mon,2/10/2017,8:30PM,Kansas City Chiefs,,Washington Redskins,boxscore,29,20,429,0,331,1,,Kansas City Chiefs,Washington Redskins,Kansas City ChiefsWashington Redskins,,,,-6.5,New York Giants,Dallas Cowboys,New York GiantsDallas Cowboys,4
5,Thu,5/10/2017,8:25PM,New England Patriots,@,Tampa Bay Buccaneers,boxscore,19,14,402,2,409,0,,Tampa Bay Buccaneers,New England Patriots,Tampa Bay BuccaneersNew England Patriots,,,,3.5,Arizona Cardinals,Tennessee Titans,Arizona CardinalsTennessee Titans,2.5
5,Sun,8/10/2017,1:00PM,Miami Dolphins,,Tennessee Titans,boxscore,16,10,178,2,188,2,,Miami Dolphins,Tennessee Titans,Miami DolphinsTennessee Titans,,,,0,Denver Broncos,New York Jets,Denver BroncosNew York Jets,1
5,Sun,8/10/2017,1:00PM,Indianapolis Colts,,San Francisco 49ers,boxscore,26,23,447,1,402,0,,Indianapolis Colts,San Francisco 49ers,Indianapolis ColtsSan Francisco 49ers,,,,1,Los Angeles Chargers,Washington Redskins,Los Angeles ChargersWashington Redskins,-6
5,Sun,8/10/2017,1:00PM,Philadelphia Eagles,,Arizona Cardinals,boxscore,34,7,419,1,307,1,,Philadelphia Eagles,Arizona Cardinals,Philadelphia EaglesArizona Cardinals,,,,-6,Buffalo Bills,Indianapolis Colts,Buffalo BillsIndianapolis Colts,-3.5
5,Sun,8/10/2017,1:00PM,Cincinnati Bengals,,Buffalo Bills,boxscore,20,16,388,3,221,1,,Cincinnati Bengals,Buffalo Bills,Cincinnati BengalsBuffalo Bills,,,,-3,Carolina Panthers,Minnesota Vikings,Carolina PanthersMinnesota Vikings,2.5
5,Sun,8/10/2017,1:00PM,Los Angeles Chargers,@,New York Giants,boxscore,27,22,382,1,335,2,,New York Giants,Los Angeles Chargers,New York GiantsLos Angeles Chargers,,,,-3,Cincinnati Bengals,Chicago Bears,Cincinnati BengalsChicago Bears,-6
5,Sun,8/10/2017,1:00PM,Carolina Panthers,@,Detroit Lions,boxscore,27,24,362,0,242,1,,Detroit Lions,Carolina Panthers,Detroit LionsCarolina Panthers,,,,-2,Cleveland Browns,Green Bay Packers,Cleveland BrownsGreen Bay Packers,2.5
5,Sun,8/10/2017,1:00PM,Jacksonville Jaguars,@,Pittsburgh Steelers,boxscore,30,9,313,1,371,5,,Pittsburgh Steelers,Jacksonville Jaguars,Pittsburgh SteelersJacksonville Jaguars,,,,-7,Houston Texans,San Francisco 49ers,Houston TexansSan Francisco 49ers,-1
5,Sun,8/10/2017,1:00PM,New York Jets,@,Cleveland Browns,boxscore,17,14,212,1,419,3,,Cleveland Browns,New York Jets,Cleveland BrownsNew York Jets,,,,1.5,Jacksonville Jaguars,Seattle Seahawks,Jacksonville JaguarsSeattle Seahawks,-3
5,Sun,8/10/2017,4:05PM,Baltimore Ravens,@,Oakland Raiders,boxscore,30,17,365,0,245,1,,Oakland Raiders,Baltimore Ravens,Oakland RaidersBaltimore Ravens,,,,-3,Kansas City Chiefs,Oakland Raiders,Kansas City ChiefsOakland Raiders,-4.5
5,Sun,8/10/2017,4:05PM,Seattle Seahawks,@,Los Angeles Rams,boxscore,16,10,241,2,375,5,,Los Angeles Rams,Seattle Seahawks,Los Angeles RamsSeattle Seahawks,,,,-2,Tampa Bay Buccaneers,Detroit Lions,Tampa Bay BuccaneersDetroit Lions,0
5,Sun,8/10/2017,4:25PM,Green Bay Packers,@,Dallas Cowboys,boxscore,35,31,342,1,408,3,,Dallas Cowboys,Green Bay Packers,Dallas CowboysGreen Bay Packers,,,,-2.5,Atlanta Falcons,New Orleans Saints,Atlanta FalconsNew Orleans Saints,-2.5
5,Sun,8/10/2017,8:30PM,Kansas City Chiefs,@,Houston Texans,boxscore,42,34,450,0,392,1,,Houston Texans,Kansas City Chiefs,Houston TexansKansas City Chiefs,,,,2,Cincinnati Bengals,Pittsburgh Steelers,Cincinnati BengalsPittsburgh Steelers,4.5
5,Mon,9/10/2017,8:30PM,Minnesota Vikings,@,Chicago Bears,boxscore,20,17,300,0,274,2,,Chicago Bears,Minnesota Vikings,Chicago BearsMinnesota Vikings,,,,3.5,Seattle Seahawks,Philadelphia Eagles,Seattle SeahawksPhiladelphia Eagles,3.5
6,Thu,12/10/2017,8:25PM,Philadelphia Eagles,@,Carolina Panthers,boxscore,28,23,310,1,305,3,,Carolina Panthers,Philadelphia Eagles,Carolina PanthersPhiladelphia Eagles,,,,-3,Arizona Cardinals,Los Angeles Rams,Arizona CardinalsLos Angeles Rams,7.5
6,Sun,15/10/2017,1:00PM,Miami Dolphins,@,Atlanta Falcons,boxscore,20,17,289,1,339,1,,Atlanta Falcons,Miami Dolphins,Atlanta FalconsMiami Dolphins,,,,-14,Oakland Raiders,New York Giants,Oakland RaidersNew York Giants,-9.5
6,Sun,15/10/2017,1:00PM,New England Patriots,@,New York Jets,boxscore,24,17,375,2,408,3,,New York Jets,New England Patriots,New York JetsNew England Patriots,,,,9,Los Angeles Chargers,Cleveland Browns,Los Angeles ChargersCleveland Browns,-13.5
6,Sun,15/10/2017,1:00PM,Chicago Bears,@,Baltimore Ravens,boxscore,27,24,342,2,291,3,,Baltimore Ravens,Chicago Bears,Baltimore RavensChicago Bears,,,,-5.5,Atlanta Falcons,Minnesota Vikings,Atlanta FalconsMinnesota Vikings,-2
6,Sun,15/10/2017,1:00PM,Washington Redskins,,San Francisco 49ers,boxscore,26,24,419,2,335,1,,Washington Redskins,San Francisco 49ers,Washington RedskinsSan Francisco 49ers,,,,-12,Baltimore Ravens,Detroit Lions,Baltimore RavensDetroit Lions,-2.5
6,Sun,15/10/2017,1:00PM,Houston Texans,,Cleveland Browns,boxscore,33,17,340,1,247,3,,Houston Texans,Cleveland Browns,Houston TexansCleveland Browns,,,,-7.5,Buffalo Bills,New England Patriots,Buffalo BillsNew England Patriots,7.5
6,Sun,15/10/2017,1:00PM,New Orleans Saints,,Detroit Lions,boxscore,52,38,379,3,347,5,,New Orleans Saints,Detroit Lions,New Orleans SaintsDetroit Lions,,,,-6,Chicago Bears,San Francisco 49ers,Chicago BearsSan Francisco 49ers,-2.5
6,Sun,15/10/2017,1:00PM,Minnesota Vikings,,Green Bay Packers,boxscore,23,10,351,2,227,3,,Minnesota Vikings,Green Bay Packers,Minnesota VikingsGreen Bay Packers,,,,3,Green Bay Packers,Tampa Bay Buccaneers,Green Bay PackersTampa Bay Buccaneers,-3
6,Sun,15/10/2017,4:05PM,Arizona Cardinals,,Tampa Bay Buccaneers,boxscore,38,33,432,2,412,2,,Arizona Cardinals,Tampa Bay Buccaneers,Arizona CardinalsTampa Bay Buccaneers,,,,2.5,Jacksonville Jaguars,Indianapolis Colts,Jacksonville JaguarsIndianapolis Colts,-10
6,Sun,15/10/2017,4:05PM,Los Angeles Rams,@,Jacksonville Jaguars,boxscore,27,17,249,1,389,1,,Jacksonville Jaguars,Los Angeles Rams,Jacksonville JaguarsLos Angeles Rams,,,,-1,Miami Dolphins,Denver Broncos,Miami DolphinsDenver Broncos,1
6,Sun,15/10/2017,4:25PM,Los Angeles Chargers,@,Oakland Raiders,boxscore,17,16,343,1,274,2,,Oakland Raiders,Los Angeles Chargers,Oakland RaidersLos Angeles Chargers,,,,-3,New Orleans Saints,Carolina Panthers,New Orleans SaintsCarolina Panthers,-5.5
6,Sun,15/10/2017,4:25PM,Pittsburgh Steelers,@,Kansas City Chiefs,boxscore,19,13,439,1,251,0,,Kansas City Chiefs,Pittsburgh Steelers,Kansas City ChiefsPittsburgh Steelers,,,,-3.5,New York Jets,Kansas City Chiefs,New York JetsKansas City Chiefs,4
6,Sun,15/10/2017,8:30PM,New York Giants,@,Denver Broncos,boxscore,23,10,266,0,412,3,,Denver Broncos,New York Giants,Denver BroncosNew York Giants,,,,-14,Tennessee Titans,Houston Texans,Tennessee TitansHouston Texans,-7
6,Mon,16/10/2017,8:30PM,Tennessee Titans,,Indianapolis Colts,boxscore,36,22,473,1,297,1,,Tennessee Titans,Indianapolis Colts,Tennessee TitansIndianapolis Colts,,,,-7,Dallas Cowboys,Washington Redskins,Dallas CowboysWashington Redskins,1.5
7,Thu,19/10/2017,8:25PM,Oakland Raiders,,Kansas City Chiefs,boxscore,31,30,505,0,425,0,,Oakland Raiders,Kansas City Chiefs,Oakland RaidersKansas City Chiefs,,,,3,Baltimore Ravens,Houston Texans,Baltimore RavensHouston Texans,-7.5
7,Sun,22/10/2017,1:00PM,Buffalo Bills,,Tampa Bay Buccaneers,boxscore,30,27,434,1,447,3,,Buffalo Bills,Tampa Bay Buccaneers,Buffalo BillsTampa Bay Buccaneers,,,,-3,Pittsburgh Steelers,Green Bay Packers,Pittsburgh SteelersGreen Bay Packers,-14
7,Sun,22/10/2017,1:00PM,Miami Dolphins,,New York Jets,boxscore,31,28,357,2,272,2,,Miami Dolphins,New York Jets,Miami DolphinsNew York Jets,,,,-3,Arizona Cardinals,Jacksonville Jaguars,Arizona CardinalsJacksonville Jaguars,6
7,Sun,22/10/2017,1:00PM,Minnesota Vikings,,Baltimore Ravens,boxscore,24,16,357,1,208,0,,Minnesota Vikings,Baltimore Ravens,Minnesota VikingsBaltimore Ravens,,,,-5,Oakland Raiders,Denver Broncos,Oakland RaidersDenver Broncos,-3.5
7,Sun,22/10/2017,1:00PM,New Orleans Saints,@,Green Bay Packers,boxscore,26,17,485,2,260,1,,Green Bay Packers,New Orleans Saints,Green Bay PackersNew Orleans Saints,,,,3.5,Los Angeles Rams,New Orleans Saints,Los Angeles RamsNew Orleans Saints,-2.5
7,Sun,22/10/2017,1:00PM,Jacksonville Jaguars,@,Indianapolis Colts,boxscore,27,0,518,2,232,0,,Indianapolis Colts,Jacksonville Jaguars,Indianapolis ColtsJacksonville Jaguars,,,,3,San Francisco 49ers,Seattle Seahawks,San Francisco 49ersSeattle Seahawks,7
7,Sun,22/10/2017,1:00PM,Los Angeles Rams,,Arizona Cardinals,boxscore,33,0,425,1,196,2,,Los Angeles Rams,Arizona Cardinals,Los Angeles RamsArizona Cardinals,,,,-3,Atlanta Falcons,Tampa Bay Buccaneers,Atlanta FalconsTampa Bay Buccaneers,-10.5
7,Sun,22/10/2017,1:00PM,Chicago Bears,,Carolina Panthers,boxscore,17,3,153,0,293,3,,Chicago Bears,Carolina Panthers,Chicago BearsCarolina Panthers,,,,2.5,Cincinnati Bengals,Cleveland Browns,Cincinnati BengalsCleveland Browns,-7.5
7,Sun,22/10/2017,1:00PM,Tennessee Titans,@,Cleveland Browns,boxscore,12,9,269,1,284,3,,Cleveland Browns,Tennessee Titans,Cleveland BrownsTennessee Titans,,,,5.5,Indianapolis Colts,Tennessee Titans,Indianapolis ColtsTennessee Titans,3
7,Sun,22/10/2017,4:05PM,Dallas Cowboys,@,San Francisco 49ers,boxscore,40,10,501,0,290,3,,San Francisco 49ers,Dallas Cowboys,San Francisco 49ersDallas Cowboys,,,,6.5,Kansas City Chiefs,Buffalo Bills,Kansas City ChiefsBuffalo Bills,-8.5
7,Sun,22/10/2017,4:25PM,Los Angeles Chargers,,Denver Broncos,boxscore,21,0,242,0,251,3,,Los Angeles Chargers,Denver Broncos,Los Angeles ChargersDenver Broncos,,,,1,New England Patriots,Miami Dolphins,New England PatriotsMiami Dolphins,-17
7,Sun,22/10/2017,4:25PM,Pittsburgh Steelers,,Cincinnati Bengals,boxscore,29,14,420,0,179,2,,Pittsburgh Steelers,Cincinnati Bengals,Pittsburgh SteelersCincinnati Bengals,,,,-4,New York Jets,Carolina Panthers,New York JetsCarolina Panthers,5.5
7,Sun,22/10/2017,4:25PM,Seattle Seahawks,@,New York Giants,boxscore,24,7,425,1,177,1,,New York Giants,Seattle Seahawks,New York GiantsSeattle Seahawks,,,,3.5,Philadelphia Eagles,Chicago Bears,Philadelphia EaglesChicago Bears,-14
7,Sun,22/10/2017,8:30PM,New England Patriots,,Atlanta Falcons,boxscore,23,7,403,0,343,0,,New England Patriots,Atlanta Falcons,New England PatriotsAtlanta Falcons,,,,-3,Washington Redskins,New York Giants,Washington RedskinsNew York Giants,-7
7,Mon,23/10/2017,8:30PM,Philadelphia Eagles,,Washington Redskins,boxscore,34,24,371,1,344,1,,Philadelphia Eagles,Washington Redskins,Philadelphia EaglesWashington Redskins,,,,-5,Dallas Cowboys,Los Angeles Chargers,Dallas CowboysLos Angeles Chargers,1
8,Thu,26/10/2017,8:25PM,Baltimore Ravens,,Miami Dolphins,boxscore,40,0,295,0,196,2,,Baltimore Ravens,Miami Dolphins,Baltimore RavensMiami Dolphins,,,,-3,Detroit Lions,Minnesota Vikings,Detroit LionsMinnesota Vikings,2.5
8,Sun,29/10/2017,9:30AM,Minnesota Vikings,@,Cleveland Browns,boxscore,33,16,375,1,276,2,,Cleveland Browns,Minnesota Vikings,Cleveland BrownsMinnesota Vikings,,,,11,Seattle Seahawks,Atlanta Falcons,Seattle SeahawksAtlanta Falcons,-1
8,Sun,29/10/2017,1:00PM,Atlanta Falcons,@,New York Jets,boxscore,25,20,386,2,279,1,,New York Jets,Atlanta Falcons,New York JetsAtlanta Falcons,,,,6.5,Dallas Cowboys,Philadelphia Eagles,Dallas CowboysPhiladelphia Eagles,6
8,Sun,29/10/2017,1:00PM,Buffalo Bills,,Oakland Raiders,boxscore,34,14,331,0,367,4,,Buffalo Bills,Oakland Raiders,Buffalo BillsOakland Raiders,,,,-2,Denver Broncos,Cincinnati Bengals,Denver BroncosCincinnati Bengals,-2.5
8,Sun,29/10/2017,1:00PM,Cincinnati Bengals,,Indianapolis Colts,boxscore,24,23,276,2,331,1,,Cincinnati Bengals,Indianapolis Colts,Cincinnati BengalsIndianapolis Colts,,,,-11,Oakland Raiders,New England Patriots,Oakland RaidersNew England Patriots,7
8,Sun,29/10/2017,1:00PM,Carolina Panthers,@,Tampa Bay Buccaneers,boxscore,17,3,254,1,279,3,,Tampa Bay Buccaneers,Carolina Panthers,Tampa Bay BuccaneersCarolina Panthers,,,,-1,Los Angeles Chargers,Buffalo Bills,Los Angeles ChargersBuffalo Bills,-7
8,Sun,29/10/2017,1:00PM,New England Patriots,,Los Angeles Chargers,boxscore,21,13,414,0,349,1,,New England Patriots,Los Angeles Chargers,New England PatriotsLos Angeles Chargers,,,,-6.5,Chicago Bears,Detroit Lions,Chicago BearsDetroit Lions,3
8,Sun,29/10/2017,1:00PM,Philadelphia Eagles,,San Francisco 49ers,boxscore,33,10,304,1,238,2,,Philadelphia Eagles,San Francisco 49ers,Philadelphia EaglesSan Francisco 49ers,,,,-13,Cleveland Browns,Jacksonville Jaguars,Cleveland BrownsJacksonville Jaguars,7.5
8,Sun,29/10/2017,1:00PM,New Orleans Saints,,Chicago Bears,boxscore,20,12,387,2,307,1,,New Orleans Saints,Chicago Bears,New Orleans SaintsChicago Bears,,,,-7.5,Green Bay Packers,Baltimore Ravens,Green Bay PackersBaltimore Ravens,2.5
8,Sun,29/10/2017,4:05PM,Seattle Seahawks,,Houston Texans,boxscore,41,38,479,1,509,3,,Seattle Seahawks,Houston Texans,Seattle SeahawksHouston Texans,,,,-6,Houston Texans,Arizona Cardinals,Houston TexansArizona Cardinals,-2.5
8,Sun,29/10/2017,4:25PM,Dallas Cowboys,@,Washington Redskins,boxscore,33,19,307,1,285,3,,Washington Redskins,Dallas Cowboys,Washington RedskinsDallas Cowboys,,,,3,Miami Dolphins,Tampa Bay Buccaneers,Miami DolphinsTampa Bay Buccaneers,1
8,Sun,29/10/2017,8:30PM,Pittsburgh Steelers,@,Detroit Lions,boxscore,20,15,392,2,482,1,,Detroit Lions,Pittsburgh Steelers,Detroit LionsPittsburgh Steelers,,,,3,Minnesota Vikings,Los Angeles Rams,Minnesota VikingsLos Angeles Rams,-1
8,Mon,30/10/2017,8:30PM,Kansas City Chiefs,,Denver Broncos,boxscore,29,19,276,2,364,5,,Kansas City Chiefs,Denver Broncos,Kansas City ChiefsDenver Broncos,,,,-7,New Orleans Saints,Washington Redskins,New Orleans SaintsWashington Redskins,-9.5
9,Thu,2/11/2017,8:25PM,New York Jets,,Buffalo Bills,boxscore,34,21,331,0,307,3,,New York Jets,Buffalo Bills,New York JetsBuffalo Bills,,,,3,New York Giants,Kansas City Chiefs,New York GiantsKansas City Chiefs,10
9,Sun,5/11/2017,1:00PM,New Orleans Saints,,Tampa Bay Buccaneers,boxscore,30,10,407,2,200,1,,New Orleans Saints,Tampa Bay Buccaneers,New Orleans SaintsTampa Bay Buccaneers,,,,-7,Pittsburgh Steelers,Tennessee Titans,Pittsburgh SteelersTennessee Titans,-7
9,Sun,5/11/2017,1:00PM,Philadelphia Eagles,,Denver Broncos,boxscore,51,23,419,1,226,2,,Philadelphia Eagles,Denver Broncos,Philadelphia EaglesDenver Broncos,,,,-7,Carolina Panthers,Miami Dolphins,Carolina PanthersMiami Dolphins,-8
9,Sun,5/11/2017,1:00PM,Tennessee Titans,,Baltimore Ravens,boxscore,23,20,257,1,341,2,,Tennessee Titans,Baltimore Ravens,Tennessee TitansBaltimore Ravens,,,,-3,Denver Broncos,New England Patriots,Denver BroncosNew England Patriots,7
9,Sun,5/11/2017,1:00PM,Jacksonville Jaguars,,Cincinnati Bengals,boxscore,23,7,408,1,148,0,,Jacksonville Jaguars,Cincinnati Bengals,Jacksonville JaguarsCincinnati Bengals,,,,-6,Atlanta Falcons,Dallas Cowboys,Atlanta FalconsDallas Cowboys,-3.5
9,Sun,5/11/2017,1:00PM,Carolina Panthers,,Atlanta Falcons,boxscore,20,17,330,2,355,1,,Carolina Panthers,Atlanta Falcons,Carolina PanthersAtlanta Falcons,,,,3,San Francisco 49ers,New York Giants,San Francisco 49ersNew York Giants,3
9,Sun,5/11/2017,1:00PM,Los Angeles Rams,@,New York Giants,boxscore,51,17,473,0,319,3,,New York Giants,Los Angeles Rams,New York GiantsLos Angeles Rams,,,,5.5,Los Angeles Rams,Houston Texans,Los Angeles RamsHouston Texans,-12
9,Sun,5/11/2017,1:00PM,Indianapolis Colts,@,Houston Texans,boxscore,20,14,371,1,288,1,,Houston Texans,Indianapolis Colts,Houston TexansIndianapolis Colts,,,,-6,Buffalo Bills,New Orleans Saints,Buffalo BillsNew Orleans Saints,2
9,Sun,5/11/2017,4:05PM,Arizona Cardinals,@,San Francisco 49ers,boxscore,20,10,368,2,329,2,,San Francisco 49ers,Arizona Cardinals,San Francisco 49ersArizona Cardinals,,,,2.5,Chicago Bears,Green Bay Packers,Chicago BearsGreen Bay Packers,-4.5
9,Sun,5/11/2017,4:05PM,Washington Redskins,@,Seattle Seahawks,boxscore,17,14,244,1,437,2,,Seattle Seahawks,Washington Redskins,Seattle SeahawksWashington Redskins,,,,-8,Detroit Lions,Cleveland Browns,Detroit LionsCleveland Browns,-10.5
9,Sun,5/11/2017,4:25PM,Dallas Cowboys,,Kansas City Chiefs,boxscore,28,17,375,0,323,1,,Dallas Cowboys,Kansas City Chiefs,Dallas CowboysKansas City Chiefs,,,,-2.5,Indianapolis Colts,Pittsburgh Steelers,Indianapolis ColtsPittsburgh Steelers,10.5
9,Sun,5/11/2017,8:30PM,Oakland Raiders,@,Miami Dolphins,boxscore,27,24,379,2,395,1,,Miami Dolphins,Oakland Raiders,Miami DolphinsOakland Raiders,,,,3,Jacksonville Jaguars,Los Angeles Chargers,Jacksonville JaguarsLos Angeles Chargers,-5
9,Mon,6/11/2017,8:30PM,Detroit Lions,@,Green Bay Packers,boxscore,30,17,417,1,311,0,,Green Bay Packers,Detroit Lions,Green Bay PackersDetroit Lions,,,,2.5,Tampa Bay Buccaneers,New York Jets,Tampa Bay BuccaneersNew York Jets,-1
10,Thu,9/11/2017,8:25PM,Seattle Seahawks,@,Arizona Cardinals,boxscore,22,16,287,0,290,1,,Arizona Cardinals,Seattle Seahawks,Arizona CardinalsSeattle Seahawks,,,,6,Tennessee Titans,Cincinnati Bengals,Tennessee TitansCincinnati Bengals,-4.5
10,Sun,12/11/2017,1:00PM,Green Bay Packers,@,Chicago Bears,boxscore,23,16,342,0,323,1,,Chicago Bears,Green Bay Packers,Chicago BearsGreen Bay Packers,,,,-4.5,Washington Redskins,Minnesota Vikings,Washington RedskinsMinnesota Vikings,1
10,Sun,12/11/2017,1:00PM,Minnesota Vikings,@,Washington Redskins,boxscore,38,30,406,2,394,1,,Washington Redskins,Minnesota Vikings,Washington RedskinsMinnesota Vikings,,,,1,Arizona Cardinals,Seattle Seahawks,Arizona CardinalsSeattle Seahawks,6
10,Sun,12/11/2017,1:00PM,New Orleans Saints,@,Buffalo Bills,boxscore,47,10,482,1,198,1,,Buffalo Bills,New Orleans Saints,Buffalo BillsNew Orleans Saints,,,,2,Green Bay Packers,Detroit Lions,Green Bay PackersDetroit Lions,2.5
10,Sun,12/11/2017,1:00PM,Tennessee Titans,,Cincinnati Bengals,boxscore,24,20,416,2,308,2,,Tennessee Titans,Cincinnati Bengals,Tennessee TitansCincinnati Bengals,,,,-4.5,Miami Dolphins,Oakland Raiders,Miami DolphinsOakland Raiders,3
10,Sun,12/11/2017,1:00PM,Jacksonville Jaguars,,Los Angeles Chargers,boxscore,20,17,398,2,322,2,,Jacksonville Jaguars,Los Angeles Chargers,Jacksonville JaguarsLos Angeles Chargers,,,,-5,Dallas Cowboys,Kansas City Chiefs,Dallas CowboysKansas City Chiefs,-2.5
10,Sun,12/11/2017,1:00PM,Detroit Lions,,Cleveland Browns,boxscore,38,24,345,1,413,2,,Detroit Lions,Cleveland Browns,Detroit LionsCleveland Browns,,,,-10.5,San Francisco 49ers,Arizona Cardinals,San Francisco 49ersArizona Cardinals,2.5
10,Sun,12/11/2017,1:00PM,Tampa Bay Buccaneers,,New York Jets,boxscore,15,10,271,1,275,2,,Tampa Bay Buccaneers,New York Jets,Tampa Bay BuccaneersNew York Jets,,,,-1,Seattle Seahawks,Washington Redskins,Seattle SeahawksWashington Redskins,-8
10,Sun,12/11/2017,1:00PM,Pittsburgh Steelers,@,Indianapolis Colts,boxscore,20,17,316,1,267,1,,Indianapolis Colts,Pittsburgh Steelers,Indianapolis ColtsPittsburgh Steelers,,,,10.5,Carolina Panthers,Atlanta Falcons,Carolina PanthersAtlanta Falcons,3
10,Sun,12/11/2017,4:05PM,Los Angeles Rams,,Houston Texans,boxscore,33,7,443,0,283,4,,Los Angeles Rams,Houston Texans,Los Angeles RamsHouston Texans,,,,-12,Houston Texans,Indianapolis Colts,Houston TexansIndianapolis Colts,-6
10,Sun,12/11/2017,4:25PM,Atlanta Falcons,,Dallas Cowboys,boxscore,27,7,336,1,233,2,,Atlanta Falcons,Dallas Cowboys,Atlanta FalconsDallas Cowboys,,,,-3.5,Jacksonville Jaguars,Cincinnati Bengals,Jacksonville JaguarsCincinnati Bengals,-6
10,Sun,12/11/2017,4:25PM,San Francisco 49ers,,New York Giants,boxscore,31,21,474,2,374,1,,San Francisco 49ers,New York Giants,San Francisco 49ersNew York Giants,,,,3,New Orleans Saints,Tampa Bay Buccaneers,New Orleans SaintsTampa Bay Buccaneers,-7
10,Sun,12/11/2017,8:30PM,New England Patriots,@,Denver Broncos,boxscore,41,16,396,0,339,2,,Denver Broncos,New England Patriots,Denver BroncosNew England Patriots,,,,7,New York Giants,Los Angeles Rams,New York GiantsLos Angeles Rams,5.5
10,Mon,13/11/2017,8:30PM,Carolina Panthers,,Miami Dolphins,boxscore,45,21,548,0,313,1,,Carolina Panthers,Miami Dolphins,Carolina PanthersMiami Dolphins,,,,-8,Philadelphia Eagles,Denver Broncos,Philadelphia EaglesDenver Broncos,-7
11,Thu,16/11/2017,8:25PM,Pittsburgh Steelers,,Tennessee Titans,boxscore,40,17,349,0,316,4,,Pittsburgh Steelers,Tennessee Titans,Pittsburgh SteelersTennessee Titans,,,,-7,Tennessee Titans,Baltimore Ravens,Tennessee TitansBaltimore Ravens,-3
11,Sun,19/11/2017,1:00PM,Minnesota Vikings,,Los Angeles Rams,boxscore,24,7,451,0,254,1,,Minnesota Vikings,Los Angeles Rams,Minnesota VikingsLos Angeles Rams,,,,-1,New York Jets,Buffalo Bills,New York JetsBuffalo Bills,3
11,Sun,19/11/2017,1:00PM,Houston Texans,,Arizona Cardinals,boxscore,31,21,357,2,292,2,,Houston Texans,Arizona Cardinals,Houston TexansArizona Cardinals,,,,-2.5,Kansas City Chiefs,Denver Broncos,Kansas City ChiefsDenver Broncos,-7
11,Sun,19/11/2017,1:00PM,Jacksonville Jaguars,@,Cleveland Browns,boxscore,19,7,284,1,184,5,,Cleveland Browns,Jacksonville Jaguars,Cleveland BrownsJacksonville Jaguars,,,,7.5,Detroit Lions,Pittsburgh Steelers,Detroit LionsPittsburgh Steelers,3
11,Sun,19/11/2017,1:00PM,Tampa Bay Buccaneers,@,Miami Dolphins,boxscore,30,20,321,0,448,5,,Miami Dolphins,Tampa Bay Buccaneers,Miami DolphinsTampa Bay Buccaneers,,,,1,Washington Redskins,Dallas Cowboys,Washington RedskinsDallas Cowboys,3
11,Sun,19/11/2017,1:00PM,New Orleans Saints,,Washington Redskins,boxscore,34,31,535,1,456,0,,New Orleans Saints,Washington Redskins,New Orleans SaintsWashington Redskins,,,,-9.5,Seattle Seahawks,Houston Texans,Seattle SeahawksHouston Texans,-6
11,Sun,19/11/2017,1:00PM,Baltimore Ravens,@,Green Bay Packers,boxscore,23,0,219,1,265,5,,Green Bay Packers,Baltimore Ravens,Green Bay PackersBaltimore Ravens,,,,2.5,Buffalo Bills,Oakland Raiders,Buffalo BillsOakland Raiders,-2
11,Sun,19/11/2017,1:00PM,Detroit Lions,@,Chicago Bears,boxscore,27,24,352,1,398,1,,Chicago Bears,Detroit Lions,Chicago BearsDetroit Lions,,,,3,Cincinnati Bengals,Indianapolis Colts,Cincinnati BengalsIndianapolis Colts,-11
11,Sun,19/11/2017,1:00PM,New York Giants,,Kansas City Chiefs,boxscore,12,9,317,1,363,3,,New York Giants,Kansas City Chiefs,New York GiantsKansas City Chiefs,,,,10,New England Patriots,Los Angeles Chargers,New England PatriotsLos Angeles Chargers,-6.5
11,Sun,19/11/2017,4:05PM,Los Angeles Chargers,,Buffalo Bills,boxscore,54,24,429,0,393,6,,Los Angeles Chargers,Buffalo Bills,Los Angeles ChargersBuffalo Bills,,,,-7,New Orleans Saints,Chicago Bears,New Orleans SaintsChicago Bears,-7.5
11,Sun,19/11/2017,4:25PM,New England Patriots,@,Oakland Raiders,boxscore,33,8,421,0,344,2,,Oakland Raiders,New England Patriots,Oakland RaidersNew England Patriots,,,,7,New York Jets,Atlanta Falcons,New York JetsAtlanta Falcons,6.5
11,Sun,19/11/2017,4:25PM,Cincinnati Bengals,@,Denver Broncos,boxscore,20,17,190,0,341,2,,Denver Broncos,Cincinnati Bengals,Denver BroncosCincinnati Bengals,,,,-2.5,Philadelphia Eagles,San Francisco 49ers,Philadelphia EaglesSan Francisco 49ers,-13
11,Sun,19/11/2017,8:30PM,Philadelphia Eagles,@,Dallas Cowboys,boxscore,37,9,383,0,225,4,,Dallas Cowboys,Philadelphia Eagles,Dallas CowboysPhiladelphia Eagles,,,,6,Tampa Bay Buccaneers,Carolina Panthers,Tampa Bay BuccaneersCarolina Panthers,-1
11,Mon,20/11/2017,8:30PM,Atlanta Falcons,@,Seattle Seahawks,boxscore,34,31,279,1,360,2,,Seattle Seahawks,Atlanta Falcons,Seattle SeahawksAtlanta Falcons,,,,-1,Cleveland Browns,Minnesota Vikings,Cleveland BrownsMinnesota Vikings,11
12,Thu,23/11/2017,12:30PM,Minnesota Vikings,@,Detroit Lions,boxscore,30,23,408,0,289,2,,Detroit Lions,Minnesota Vikings,Detroit LionsMinnesota Vikings,,,,2.5,Baltimore Ravens,Miami Dolphins,Baltimore RavensMiami Dolphins,-3
12,Thu,23/11/2017,4:30PM,Los Angeles Chargers,@,Dallas Cowboys,boxscore,28,6,515,0,247,2,,Dallas Cowboys,Los Angeles Chargers,Dallas CowboysLos Angeles Chargers,,,,1,Philadelphia Eagles,Washington Redskins,Philadelphia EaglesWashington Redskins,-5
12,Thu,23/11/2017,8:30PM,Washington Redskins,,New York Giants,boxscore,20,10,323,1,170,1,,Washington Redskins,New York Giants,Washington RedskinsNew York Giants,,,,-7,New England Patriots,Atlanta Falcons,New England PatriotsAtlanta Falcons,-3
12,Sun,26/11/2017,1:00PM,Atlanta Falcons,,Tampa Bay Buccaneers,boxscore,34,20,516,1,373,0,,Atlanta Falcons,Tampa Bay Buccaneers,Atlanta FalconsTampa Bay Buccaneers,,,,-10.5,Los Angeles Chargers,Denver Broncos,Los Angeles ChargersDenver Broncos,1
12,Sun,26/11/2017,1:00PM,Carolina Panthers,@,New York Jets,boxscore,35,27,299,0,391,1,,New York Jets,Carolina Panthers,New York JetsCarolina Panthers,,,,5.5,New York Giants,Seattle Seahawks,New York GiantsSeattle Seahawks,3.5
12,Sun,26/11/2017,1:00PM,Philadelphia Eagles,,Chicago Bears,boxscore,31,3,420,3,140,2,,Philadelphia Eagles,Chicago Bears,Philadelphia EaglesChicago Bears,,,,-14,San Francisco 49ers,Dallas Cowboys,San Francisco 49ersDallas Cowboys,6.5
12,Sun,26/11/2017,1:00PM,Buffalo Bills,@,Kansas City Chiefs,boxscore,16,10,268,0,236,1,,Kansas City Chiefs,Buffalo Bills,Kansas City ChiefsBuffalo Bills,,,,-8.5,Buffalo Bills,Tampa Bay Buccaneers,Buffalo BillsTampa Bay Buccaneers,-3
12,Sun,26/11/2017,1:00PM,Cincinnati Bengals,,Cleveland Browns,boxscore,30,16,361,0,405,0,,Cincinnati Bengals,Cleveland Browns,Cincinnati BengalsCleveland Browns,,,,-7.5,Chicago Bears,Carolina Panthers,Chicago BearsCarolina Panthers,2.5
12,Sun,26/11/2017,1:00PM,Tennessee Titans,@,Indianapolis Colts,boxscore,20,16,276,2,254,1,,Indianapolis Colts,Tennessee Titans,Indianapolis ColtsTennessee Titans,,,,3,Cleveland Browns,Tennessee Titans,Cleveland BrownsTennessee Titans,5.5
12,Sun,26/11/2017,1:00PM,New England Patriots,,Miami Dolphins,boxscore,35,17,417,2,221,3,,New England Patriots,Miami Dolphins,New England PatriotsMiami Dolphins,,,,-17,Green Bay Packers,New Orleans Saints,Green Bay PackersNew Orleans Saints,3.5
12,Sun,26/11/2017,4:05PM,Seattle Seahawks,@,San Francisco 49ers,boxscore,24,13,318,1,280,1,,San Francisco 49ers,Seattle Seahawks,San Francisco 49ersSeattle Seahawks,,,,7,Indianapolis Colts,Jacksonville Jaguars,Indianapolis ColtsJacksonville Jaguars,3
12,Sun,26/11/2017,4:25PM,Los Angeles Rams,,New Orleans Saints,boxscore,26,20,415,1,346,0,,Los Angeles Rams,New Orleans Saints,Los Angeles RamsNew Orleans Saints,,,,-2.5,Los Angeles Rams,Arizona Cardinals,Los Angeles RamsArizona Cardinals,-3
12,Sun,26/11/2017,4:25PM,Oakland Raiders,,Denver Broncos,boxscore,21,14,348,1,216,1,,Oakland Raiders,Denver Broncos,Oakland RaidersDenver Broncos,,,,-3.5,Miami Dolphins,New York Jets,Miami DolphinsNew York Jets,-3
12,Sun,26/11/2017,4:25PM,Arizona Cardinals,,Jacksonville Jaguars,boxscore,27,24,344,2,219,3,,Arizona Cardinals,Jacksonville Jaguars,Arizona CardinalsJacksonville Jaguars,,,,6,Minnesota Vikings,Baltimore Ravens,Minnesota VikingsBaltimore Ravens,-5
12,Sun,26/11/2017,8:30PM,Pittsburgh Steelers,,Green Bay Packers,boxscore,31,28,462,3,307,0,,Pittsburgh Steelers,Green Bay Packers,Pittsburgh SteelersGreen Bay Packers,,,,-14,Pittsburgh Steelers,Cincinnati Bengals,Pittsburgh SteelersCincinnati Bengals,-4
12,Mon,27/11/2017,8:30PM,Baltimore Ravens,,Houston Texans,boxscore,23,16,294,0,303,3,,Baltimore Ravens,Houston Texans,Baltimore RavensHouston Texans,,,,-7.5,Oakland Raiders,Kansas City Chiefs,Oakland RaidersKansas City Chiefs,3
13,Thu,30/11/2017,8:25PM,Dallas Cowboys,,Washington Redskins,boxscore,38,14,275,0,280,4,,Dallas Cowboys,Washington Redskins,Dallas CowboysWashington Redskins,,,,1.5,Tennessee Titans,Indianapolis Colts,Tennessee TitansIndianapolis Colts,-7
13,Sun,3/12/2017,1:00PM,New England Patriots,@,Buffalo Bills,boxscore,23,3,435,1,268,1,,Buffalo Bills,New England Patriots,Buffalo BillsNew England Patriots,,,,7.5,Denver Broncos,New York Giants,Denver BroncosNew York Giants,-14
13,Sun,3/12/2017,1:00PM,Tennessee Titans,,Houston Texans,boxscore,24,13,344,1,384,1,,Tennessee Titans,Houston Texans,Tennessee TitansHouston Texans,,,,-7,Kansas City Chiefs,Pittsburgh Steelers,Kansas City ChiefsPittsburgh Steelers,-3.5
13,Sun,3/12/2017,1:00PM,New York Jets,,Kansas City Chiefs,boxscore,38,31,488,0,474,0,,New York Jets,Kansas City Chiefs,New York JetsKansas City Chiefs,,,,4,Oakland Raiders,Los Angeles Chargers,Oakland RaidersLos Angeles Chargers,-3
13,Sun,3/12/2017,1:00PM,Jacksonville Jaguars,,Indianapolis Colts,boxscore,30,10,426,0,290,2,,Jacksonville Jaguars,Indianapolis Colts,Jacksonville JaguarsIndianapolis Colts,,,,-10,Arizona Cardinals,Tampa Bay Buccaneers,Arizona CardinalsTampa Bay Buccaneers,2.5
13,Sun,3/12/2017,1:00PM,Minnesota Vikings,@,Atlanta Falcons,boxscore,14,9,312,0,275,0,,Atlanta Falcons,Minnesota Vikings,Atlanta FalconsMinnesota Vikings,,,,-2,Jacksonville Jaguars,Los Angeles Rams,Jacksonville JaguarsLos Angeles Rams,-1
13,Sun,3/12/2017,1:00PM,Miami Dolphins,,Denver Broncos,boxscore,35,9,367,3,270,3,,Miami Dolphins,Denver Broncos,Miami DolphinsDenver Broncos,,,,1,Atlanta Falcons,Miami Dolphins,Atlanta FalconsMiami Dolphins,-14
13,Sun,3/12/2017,1:00PM,Baltimore Ravens,,Detroit Lions,boxscore,44,20,370,0,372,3,,Baltimore Ravens,Detroit Lions,Baltimore RavensDetroit Lions,,,,-2.5,Baltimore Ravens,Chicago Bears,Baltimore RavensChicago Bears,-5.5
13,Sun,3/12/2017,1:00PM,Green Bay Packers,,Tampa Bay Buccaneers,boxscore,26,20,276,1,395,1,,Green Bay Packers,Tampa Bay Buccaneers,Green Bay PackersTampa Bay Buccaneers,,,,-3,Houston Texans,Cleveland Browns,Houston TexansCleveland Browns,-7.5
13,Sun,3/12/2017,1:00PM,San Francisco 49ers,@,Chicago Bears,boxscore,15,14,388,1,147,0,,Chicago Bears,San Francisco 49ers,Chicago BearsSan Francisco 49ers,,,,-2.5,Minnesota Vikings,Green Bay Packers,Minnesota VikingsGreen Bay Packers,3
13,Sun,3/12/2017,4:05PM,Los Angeles Chargers,,Cleveland Browns,boxscore,19,10,429,0,291,2,,Los Angeles Chargers,Cleveland Browns,Los Angeles ChargersCleveland Browns,,,,-13.5,New Orleans Saints,Detroit Lions,New Orleans SaintsDetroit Lions,-6
13,Sun,3/12/2017,4:25PM,Los Angeles Rams,@,Arizona Cardinals,boxscore,32,16,303,1,305,2,,Arizona Cardinals,Los Angeles Rams,Arizona CardinalsLos Angeles Rams,,,,7.5,New York Jets,New England Patriots,New York JetsNew England Patriots,9
13,Sun,3/12/2017,4:25PM,Oakland Raiders,,New York Giants,boxscore,24,17,401,1,265,2,,Oakland Raiders,New York Giants,Oakland RaidersNew York Giants,,,,-9.5,Washington Redskins,San Francisco 49ers,Washington RedskinsSan Francisco 49ers,-12
13,Sun,3/12/2017,4:25PM,New Orleans Saints,,Carolina Panthers,boxscore,31,21,400,1,279,1,,New Orleans Saints,Carolina Panthers,New Orleans SaintsCarolina Panthers,,,,-6.5,Carolina Panthers,Philadelphia Eagles,Carolina PanthersPhiladelphia Eagles,-3
13,Sun,3/12/2017,8:30PM,Seattle Seahawks,,Philadelphia Eagles,boxscore,24,10,310,0,425,2,,Seattle Seahawks,Philadelphia Eagles,Seattle SeahawksPhiladelphia Eagles,,,,3.5,Chicago Bears,Minnesota Vikings,Chicago BearsMinnesota Vikings,3.5
13,Mon,4/12/2017,8:30PM,Pittsburgh Steelers,@,Cincinnati Bengals,boxscore,23,20,374,1,353,0,,Cincinnati Bengals,Pittsburgh Steelers,Cincinnati BengalsPittsburgh Steelers,,,,4.5,Houston Texans,Kansas City Chiefs,Houston TexansKansas City Chiefs,2
14,Thu,7/12/2017,8:25PM,Atlanta Falcons,,New Orleans Saints,boxscore,20,17,343,3,306,1,,Atlanta Falcons,New Orleans Saints,Atlanta FalconsNew Orleans Saints,,,,-2.5,Dallas Cowboys,Green Bay Packers,Dallas CowboysGreen Bay Packers,-2.5
14,Sun,10/12/2017,1:00PM,Carolina Panthers,,Minnesota Vikings,boxscore,31,24,345,1,356,3,,Carolina Panthers,Minnesota Vikings,Carolina PanthersMinnesota Vikings,,,,2.5,Los Angeles Rams,Seattle Seahawks,Los Angeles RamsSeattle Seahawks,-2
14,Sun,10/12/2017,1:00PM,Detroit Lions,@,Tampa Bay Buccaneers,boxscore,24,21,434,3,400,5,,Tampa Bay Buccaneers,Detroit Lions,Tampa Bay BuccaneersDetroit Lions,,,,0,Oakland Raiders,Baltimore Ravens,Oakland RaidersBaltimore Ravens,-3
14,Sun,10/12/2017,1:00PM,Chicago Bears,@,Cincinnati Bengals,boxscore,33,7,482,0,234,2,,Cincinnati Bengals,Chicago Bears,Cincinnati BengalsChicago Bears,,,,-6,Cincinnati Bengals,Buffalo Bills,Cincinnati BengalsBuffalo Bills,-3
14,Sun,10/12/2017,1:00PM,Green Bay Packers,@,Cleveland Browns,boxscore,27,21,341,0,345,2,,Cleveland Browns,Green Bay Packers,Cleveland BrownsGreen Bay Packers,,,,2.5,Cleveland Browns,New York Jets,Cleveland BrownsNew York Jets,1.5
14,Sun,10/12/2017,1:00PM,Dallas Cowboys,@,New York Giants,boxscore,30,10,454,0,330,2,,New York Giants,Dallas Cowboys,New York GiantsDallas Cowboys,,,,4,Detroit Lions,Carolina Panthers,Detroit LionsCarolina Panthers,-2
14,Sun,10/12/2017,1:00PM,Buffalo Bills,,Indianapolis Colts,boxscore,13,7,319,2,227,0,,Buffalo Bills,Indianapolis Colts,Buffalo BillsIndianapolis Colts,,,,-3.5,Indianapolis Colts,San Francisco 49ers,Indianapolis ColtsSan Francisco 49ers,1
14,Sun,10/12/2017,1:00PM,San Francisco 49ers,@,Houston Texans,boxscore,26,16,416,1,311,1,,Houston Texans,San Francisco 49ers,Houston TexansSan Francisco 49ers,,,,-1,Miami Dolphins,Tennessee Titans,Miami DolphinsTennessee Titans,0
14,Sun,10/12/2017,1:00PM,Kansas City Chiefs,,Oakland Raiders,boxscore,26,15,408,1,268,3,,Kansas City Chiefs,Oakland Raiders,Kansas City ChiefsOakland Raiders,,,,-4.5,New York Giants,Los Angeles Chargers,New York GiantsLos Angeles Chargers,-3
14,Sun,10/12/2017,4:05PM,Denver Broncos,,New York Jets,boxscore,23,0,273,0,100,2,,Denver Broncos,New York Jets,Denver BroncosNew York Jets,,,,1,Philadelphia Eagles,Arizona Cardinals,Philadelphia EaglesArizona Cardinals,-6
14,Sun,10/12/2017,4:05PM,Los Angeles Chargers,,Washington Redskins,boxscore,30,13,488,1,201,1,,Los Angeles Chargers,Washington Redskins,Los Angeles ChargersWashington Redskins,,,,-6,Pittsburgh Steelers,Jacksonville Jaguars,Pittsburgh SteelersJacksonville Jaguars,-7.5
14,Sun,10/12/2017,4:05PM,Arizona Cardinals,,Tennessee Titans,boxscore,12,7,261,0,204,2,,Arizona Cardinals,Tennessee Titans,Arizona CardinalsTennessee Titans,,,,2.5,Tampa Bay Buccaneers,New England Patriots,Tampa Bay BuccaneersNew England Patriots,3.5
14,Sun,10/12/2017,4:25PM,Jacksonville Jaguars,,Seattle Seahawks,boxscore,30,24,424,1,401,3,,Jacksonville Jaguars,Seattle Seahawks,Jacksonville JaguarsSeattle Seahawks,,,,-3,Kansas City Chiefs,Washington Redskins,Kansas City ChiefsWashington Redskins,-6.5
14,Sun,10/12/2017,4:25PM,Philadelphia Eagles,@,Los Angeles Rams,boxscore,43,35,455,1,307,2,,Los Angeles Rams,Philadelphia Eagles,Los Angeles RamsPhiladelphia Eagles,,,,-1,Seattle Seahawks,Indianapolis Colts,Seattle SeahawksIndianapolis Colts,-12.5
14,Sun,10/12/2017,8:30PM,Pittsburgh Steelers,,Baltimore Ravens,boxscore,39,38,545,0,413,1,,Pittsburgh Steelers,Baltimore Ravens,Pittsburgh SteelersBaltimore Ravens,,,,-6,Denver Broncos,Oakland Raiders,Denver BroncosOakland Raiders,-3.5
14,Mon,11/12/2017,8:30PM,Miami Dolphins,,New England Patriots,boxscore,27,20,362,0,248,2,,Miami Dolphins,New England Patriots,Miami DolphinsNew England Patriots,,,,10.5,Arizona Cardinals,San Francisco 49ers,Arizona CardinalsSan Francisco 49ers,-6
15,Thu,14/12/2017,8:25PM,Denver Broncos,@,Indianapolis Colts,boxscore,25,13,462,1,228,0,,Indianapolis Colts,Denver Broncos,Indianapolis ColtsDenver Broncos,,,,3,Los Angeles Chargers,Philadelphia Eagles,Los Angeles ChargersPhiladelphia Eagles,-2
15,Sat,16/12/2017,4:30PM,Detroit Lions,,Chicago Bears,boxscore,20,10,293,1,349,3,,Detroit Lions,Chicago Bears,Detroit LionsChicago Bears,,,,-5,Tampa Bay Buccaneers,New York Giants,Tampa Bay BuccaneersNew York Giants,-2.5
15,Sat,16/12/2017,8:25PM,Kansas City Chiefs,,Los Angeles Chargers,boxscore,30,13,397,0,307,4,,Kansas City Chiefs,Los Angeles Chargers,Kansas City ChiefsLos Angeles Chargers,,,,-1,Atlanta Falcons,Buffalo Bills,Atlanta FalconsBuffalo Bills,-8
15,Sun,17/12/2017,1:00PM,Washington Redskins,,Arizona Cardinals,boxscore,20,15,218,1,286,2,,Washington Redskins,Arizona Cardinals,Washington RedskinsArizona Cardinals,,,,-4,Baltimore Ravens,Pittsburgh Steelers,Baltimore RavensPittsburgh Steelers,3.5
15,Sun,17/12/2017,1:00PM,Buffalo Bills,,Miami Dolphins,boxscore,24,16,328,0,349,3,,Buffalo Bills,Miami Dolphins,Buffalo BillsMiami Dolphins,,,,-3.5,Cleveland Browns,Cincinnati Bengals,Cleveland BrownsCincinnati Bengals,3
15,Sun,17/12/2017,1:00PM,Jacksonville Jaguars,,Houston Texans,boxscore,45,7,464,0,186,1,,Jacksonville Jaguars,Houston Texans,Jacksonville JaguarsHouston Texans,,,,-10.5,Dallas Cowboys,Los Angeles Rams,Dallas CowboysLos Angeles Rams,-4.5
15,Sun,17/12/2017,1:00PM,New Orleans Saints,,New York Jets,boxscore,31,19,412,3,294,2,,New Orleans Saints,New York Jets,New Orleans SaintsNew York Jets,,,,-16.5,Houston Texans,Tennessee Titans,Houston TexansTennessee Titans,2.5
15,Sun,17/12/2017,1:00PM,Philadelphia Eagles,@,New York Giants,boxscore,34,29,341,0,504,1,,New York Giants,Philadelphia Eagles,New York GiantsPhiladelphia Eagles,,,,7.5,Minnesota Vikings,Detroit Lions,Minnesota VikingsDetroit Lions,-2.5
15,Sun,17/12/2017,1:00PM,Carolina Panthers,,Green Bay Packers,boxscore,31,24,387,0,384,4,,Carolina Panthers,Green Bay Packers,Carolina PanthersGreen Bay Packers,,,,-3,New England Patriots,Carolina Panthers,New England PatriotsCarolina Panthers,-9
15,Sun,17/12/2017,1:00PM,Minnesota Vikings,,Cincinnati Bengals,boxscore,34,7,346,1,161,2,,Minnesota Vikings,Cincinnati Bengals,Minnesota VikingsCincinnati Bengals,,,,-12.5,New York Jets,Jacksonville Jaguars,New York JetsJacksonville Jaguars,4
15,Sun,17/12/2017,1:00PM,Baltimore Ravens,@,Cleveland Browns,boxscore,27,10,376,0,266,4,,Cleveland Browns,Baltimore Ravens,Cleveland BrownsBaltimore Ravens,,,,6.5,Miami Dolphins,New Orleans Saints,Miami DolphinsNew Orleans Saints,3.5
15,Sun,17/12/2017,4:05PM,Los Angeles Rams,@,Seattle Seahawks,boxscore,42,7,352,1,149,2,,Seattle Seahawks,Los Angeles Rams,Seattle SeahawksLos Angeles Rams,,,,1,Green Bay Packers,Chicago Bears,Green Bay PackersChicago Bears,-7.5
15,Sun,17/12/2017,4:25PM,San Francisco 49ers,,Tennessee Titans,boxscore,25,23,414,0,328,1,,San Francisco 49ers,Tennessee Titans,San Francisco 49ersTennessee Titans,,,,-2.5,Arizona Cardinals,Dallas Cowboys,Arizona CardinalsDallas Cowboys,3
15,Sun,17/12/2017,4:25PM,New England Patriots,@,Pittsburgh Steelers,boxscore,27,24,360,1,413,1,,Pittsburgh Steelers,New England Patriots,Pittsburgh SteelersNew England Patriots,,,,2.5,Washington Redskins,Oakland Raiders,Washington RedskinsOakland Raiders,3.5
15,Sun,17/12/2017,8:30PM,Dallas Cowboys,@,Oakland Raiders,boxscore,20,17,330,2,293,1,,Oakland Raiders,Dallas Cowboys,Oakland RaidersDallas Cowboys,,,,3,Green Bay Packers,Cincinnati Bengals,Green Bay PackersCincinnati Bengals,-7
15,Mon,18/12/2017,8:30PM,Atlanta Falcons,@,Tampa Bay Buccaneers,boxscore,24,21,410,0,373,1,,Tampa Bay Buccaneers,Atlanta Falcons,Tampa Bay BuccaneersAtlanta Falcons,,,,7,Los Angeles Chargers,Kansas City Chiefs,Los Angeles ChargersKansas City Chiefs,3
16,Sat,23/12/2017,4:30PM,Baltimore Ravens,,Indianapolis Colts,boxscore,23,16,323,0,296,0,,Baltimore Ravens,Indianapolis Colts,Baltimore RavensIndianapolis Colts,,,,-13.5,Tennessee Titans,Seattle Seahawks,Tennessee TitansSeattle Seahawks,-2
16,Sat,23/12/2017,8:30PM,Minnesota Vikings,@,Green Bay Packers,boxscore,16,0,236,0,239,2,,Green Bay Packers,Minnesota Vikings,Green Bay PackersMinnesota Vikings,,,,8.5,Buffalo Bills,Denver Broncos,Buffalo BillsDenver Broncos,3.5
16,Sun,24/12/2017,1:00PM,New Orleans Saints,,Atlanta Falcons,boxscore,23,13,315,1,331,2,,New Orleans Saints,Atlanta Falcons,New Orleans SaintsAtlanta Falcons,,,,-5.5,Carolina Panthers,New Orleans Saints,Carolina PanthersNew Orleans Saints,-5
16,Sun,24/12/2017,1:00PM,Carolina Panthers,,Tampa Bay Buccaneers,boxscore,22,19,255,1,392,3,,Carolina Panthers,Tampa Bay Buccaneers,Carolina PanthersTampa Bay Buccaneers,,,,-10,Chicago Bears,Pittsburgh Steelers,Chicago BearsPittsburgh Steelers,7
16,Sun,24/12/2017,1:00PM,Chicago Bears,,Cleveland Browns,boxscore,20,3,258,0,254,3,,Chicago Bears,Cleveland Browns,Chicago BearsCleveland Browns,,,,-5.5,Detroit Lions,Atlanta Falcons,Detroit LionsAtlanta Falcons,3
16,Sun,24/12/2017,1:00PM,Cincinnati Bengals,,Detroit Lions,boxscore,26,17,364,1,276,1,,Cincinnati Bengals,Detroit Lions,Cincinnati BengalsDetroit Lions,,,,3.5,Indianapolis Colts,Cleveland Browns,Indianapolis ColtsCleveland Browns,1
16,Sun,24/12/2017,1:00PM,New England Patriots,,Buffalo Bills,boxscore,37,16,411,1,326,0,,New England Patriots,Buffalo Bills,New England PatriotsBuffalo Bills,,,,-11,Minnesota Vikings,Tampa Bay Buccaneers,Minnesota VikingsTampa Bay Buccaneers,0
16,Sun,24/12/2017,1:00PM,Los Angeles Chargers,@,New York Jets,boxscore,14,7,379,0,295,3,,New York Jets,Los Angeles Chargers,New York JetsLos Angeles Chargers,,,,7.5,New England Patriots,Houston Texans,New England PatriotsHouston Texans,-13.5
16,Sun,24/12/2017,1:00PM,Los Angeles Rams,@,Tennessee Titans,boxscore,27,23,402,1,366,1,,Tennessee Titans,Los Angeles Rams,Tennessee TitansLos Angeles Rams,,,,5.5,New York Jets,Miami Dolphins,New York JetsMiami Dolphins,5.5
16,Sun,24/12/2017,1:00PM,Washington Redskins,,Denver Broncos,boxscore,27,11,386,2,330,3,,Washington Redskins,Denver Broncos,Washington RedskinsDenver Broncos,,,,-3,Philadelphia Eagles,New York Giants,Philadelphia EaglesNew York Giants,-5
16,Sun,24/12/2017,1:00PM,Kansas City Chiefs,,Miami Dolphins,boxscore,29,13,404,0,345,2,,Kansas City Chiefs,Miami Dolphins,Kansas City ChiefsMiami Dolphins,,,,-11,Jacksonville Jaguars,Baltimore Ravens,Jacksonville JaguarsBaltimore Ravens,3
16,Sun,24/12/2017,4:05PM,San Francisco 49ers,,Jacksonville Jaguars,boxscore,44,33,369,1,472,3,,San Francisco 49ers,Jacksonville Jaguars,San Francisco 49ersJacksonville Jaguars,,,,4,San Francisco 49ers,Los Angeles Rams,San Francisco 49ersLos Angeles Rams,3
16,Sun,24/12/2017,4:25PM,Arizona Cardinals,,New York Giants,boxscore,23,0,289,2,293,3,,Arizona Cardinals,New York Giants,Arizona CardinalsNew York Giants,,,,-3,New York Giants,Detroit Lions,New York GiantsDetroit Lions,-3
16,Sun,24/12/2017,4:25PM,Seattle Seahawks,@,Dallas Cowboys,boxscore,21,12,136,0,282,3,,Dallas Cowboys,Seattle Seahawks,Dallas CowboysSeattle Seahawks,,,,-3.5,Atlanta Falcons,Green Bay Packers,Atlanta FalconsGreen Bay Packers,-3
16,Mon,25/12/2017,4:30PM,Pittsburgh Steelers,@,Houston Texans,boxscore,34,6,330,0,227,2,,Houston Texans,Pittsburgh Steelers,Houston TexansPittsburgh Steelers,,,,8,Denver Broncos,Dallas Cowboys,Denver BroncosDallas Cowboys,2.5
16,Mon,25/12/2017,8:30PM,Philadelphia Eagles,,Oakland Raiders,boxscore,19,10,216,2,274,5,,Philadelphia Eagles,Oakland Raiders,Philadelphia EaglesOakland Raiders,,,,-10,Los Angeles Rams,Washington Redskins,Los Angeles RamsWashington Redskins,-3
17,Sun,31/12/2017,1:00PM,New England Patriots,,New York Jets,boxscore,26,6,330,0,247,0,,New England Patriots,New York Jets,New England PatriotsNew York Jets,,,,-17,Seattle Seahawks,San Francisco 49ers,Seattle SeahawksSan Francisco 49ers,-13.5
17,Sun,31/12/2017,1:00PM,Dallas Cowboys,@,Philadelphia Eagles,boxscore,6,0,301,1,219,2,,Philadelphia Eagles,Dallas Cowboys,Philadelphia EaglesDallas Cowboys,,,,3.5,Los Angeles Chargers,Miami Dolphins,Los Angeles ChargersMiami Dolphins,-3.5
17,Sun,31/12/2017,1:00PM,New York Giants,,Washington Redskins,boxscore,18,10,381,1,197,3,,New York Giants,Washington Redskins,New York GiantsWashington Redskins,,,,4.5,Oakland Raiders,New York Jets,Oakland RaidersNew York Jets,-14
17,Sun,31/12/2017,1:00PM,Pittsburgh Steelers,,Cleveland Browns,boxscore,28,24,348,2,374,2,,Pittsburgh Steelers,Cleveland Browns,Pittsburgh SteelersCleveland Browns,,,,-5,Baltimore Ravens,Cleveland Browns,Baltimore RavensCleveland Browns,-7.5
17,Sun,31/12/2017,1:00PM,Detroit Lions,,Green Bay Packers,boxscore,35,11,356,0,256,4,,Detroit Lions,Green Bay Packers,Detroit LionsGreen Bay Packers,,,,-7.5,Carolina Panthers,Buffalo Bills,Carolina PanthersBuffalo Bills,-6
17,Sun,31/12/2017,1:00PM,Minnesota Vikings,,Chicago Bears,boxscore,23,10,327,0,201,0,,Minnesota Vikings,Chicago Bears,Minnesota VikingsChicago Bears,,,,-13.5,Indianapolis Colts,Arizona Cardinals,Indianapolis ColtsArizona Cardinals,7
17,Sun,31/12/2017,1:00PM,Indianapolis Colts,,Houston Texans,boxscore,22,13,250,0,209,1,,Indianapolis Colts,Houston Texans,Indianapolis ColtsHouston Texans,,,,-5.5,Jacksonville Jaguars,Tennessee Titans,Jacksonville JaguarsTennessee Titans,1
17,Sun,31/12/2017,4:25PM,Tampa Bay Buccaneers,,New Orleans Saints,boxscore,31,24,455,3,323,1,,Tampa Bay Buccaneers,New Orleans Saints,Tampa Bay BuccaneersNew Orleans Saints,,,,6,Kansas City Chiefs,Philadelphia Eagles,Kansas City ChiefsPhiladelphia Eagles,-4
17,Sun,31/12/2017,4:25PM,Arizona Cardinals,@,Seattle Seahawks,boxscore,26,24,259,1,296,0,,Seattle Seahawks,Arizona Cardinals,Seattle SeahawksArizona Cardinals,,,,-8,New Orleans Saints,New England Patriots,New Orleans SaintsNew England Patriots,5.5
17,Sun,31/12/2017,4:25PM,Buffalo Bills,@,Miami Dolphins,boxscore,22,16,312,0,356,1,,Miami Dolphins,Buffalo Bills,Miami DolphinsBuffalo Bills,,,,2.5,Pittsburgh Steelers,Minnesota Vikings,Pittsburgh SteelersMinnesota Vikings,-8.5
17,Sun,31/12/2017,4:25PM,Kansas City Chiefs,@,Denver Broncos,boxscore,27,24,379,2,336,3,,Denver Broncos,Kansas City Chiefs,Denver BroncosKansas City Chiefs,,,,-3,Tampa Bay Buccaneers,Chicago Bears,Tampa Bay BuccaneersChicago Bears,-7
17,Sun,31/12/2017,4:25PM,Los Angeles Chargers,,Oakland Raiders,boxscore,30,10,495,0,336,2,,Los Angeles Chargers,Oakland Raiders,Los Angeles ChargersOakland Raiders,,,,-7,Cincinnati Bengals,Houston Texans,Cincinnati BengalsHouston Texans,-5
17,Sun,31/12/2017,4:25PM,Tennessee Titans,,Jacksonville Jaguars,boxscore,15,10,232,1,229,4,,Tennessee Titans,Jacksonville Jaguars,Tennessee TitansJacksonville Jaguars,,,,-2.5,Denver Broncos,Los Angeles Chargers,Denver BroncosLos Angeles Chargers,-3
17,Sun,31/12/2017,4:25PM,Atlanta Falcons,,Carolina Panthers,boxscore,22,10,371,0,248,3,,Atlanta Falcons,Carolina Panthers,Atlanta FalconsCarolina Panthers,,,,-5,Minnesota Vikings,New Orleans Saints,Minnesota VikingsNew Orleans Saints,-3
17,Sun,31/12/2017,4:25PM,San Francisco 49ers,@,Los Angeles Rams,boxscore,34,13,461,3,251,2,,Los Angeles Rams,San Francisco 49ers,Los Angeles RamsSan Francisco 49ers,,,,6,Dallas Cowboys,New York Giants,Dallas CowboysNew York Giants,-6
17,Sun,31/12/2017,4:25PM,Cincinnati Bengals,@,Baltimore Ravens,boxscore,31,27,359,1,312,1,,Baltimore Ravens,Cincinnati Bengals,Baltimore RavensCincinnati Bengals,,,,-8,Green Bay Packers,Seattle Seahawks,Green Bay PackersSeattle Seahawks,-2.5
WildCard,Sat,6/01/2018,4:35PM,Tennessee Titans,@,Kansas City Chiefs,boxscore,22,21,397,2,325,0,,Kansas City Chiefs,Tennessee Titans,Kansas City ChiefsTennessee Titans,,,,-8.5,San Francisco 49ers,Carolina Panthers,San Francisco 49ersCarolina Panthers,4
WildCard,Sat,6/01/2018,8:15PM,Atlanta Falcons,@,Los Angeles Rams,boxscore,26,13,322,0,361,2,,Los Angeles Rams,Atlanta Falcons,Los Angeles RamsAtlanta Falcons,,,,-6.5,Los Angeles Rams,Indianapolis Colts,Los Angeles RamsIndianapolis Colts,-3.5
WildCard,Sun,7/01/2018,1:05PM,Jacksonville Jaguars,,Buffalo Bills,boxscore,10,3,230,0,263,2,,Jacksonville Jaguars,Buffalo Bills,Jacksonville JaguarsBuffalo Bills,,,,-8.5,Buffalo Bills,New York Jets,Buffalo BillsNew York Jets,-7
WildCard,Sun,7/01/2018,4:40PM,New Orleans Saints,,Carolina Panthers,boxscore,31,26,410,1,413,0,,New Orleans Saints,Carolina Panthers,New Orleans SaintsCarolina Panthers,,,,-6.5,Chicago Bears,Atlanta Falcons,Chicago BearsAtlanta Falcons,6.5
Division,Sat,13/01/2018,4:35PM,Philadelphia Eagles,,Atlanta Falcons,boxscore,15,10,334,2,281,0,,Philadelphia Eagles,Atlanta Falcons,Philadelphia EaglesAtlanta Falcons,,,,2.5,Cincinnati Bengals,Baltimore Ravens,Cincinnati BengalsBaltimore Ravens,-2.5
Division,Sat,13/01/2018,8:15PM,New England Patriots,,Tennessee Titans,boxscore,35,14,438,0,267,0,,New England Patriots,Tennessee Titans,New England PatriotsTennessee Titans,,,,-13.5,Cleveland Browns,Pittsburgh Steelers,Cleveland BrownsPittsburgh Steelers,10
Division,Sun,14/01/2018,1:05PM,Jacksonville Jaguars,@,Pittsburgh Steelers,boxscore,45,42,378,0,545,2,,Pittsburgh Steelers,Jacksonville Jaguars,Pittsburgh SteelersJacksonville Jaguars,,,,-7,Detroit Lions,Arizona Cardinals,Detroit LionsArizona Cardinals,2.5
Division,Sun,14/01/2018,4:40PM,Minnesota Vikings,,New Orleans Saints,boxscore,29,24,403,1,358,2,,Minnesota Vikings,New Orleans Saints,Minnesota VikingsNew Orleans Saints,,,,-5.5,Houston Texans,Jacksonville Jaguars,Houston TexansJacksonville Jaguars,-5
ConfChamp,Sun,21/01/2018,3:05PM,New England Patriots,,Jacksonville Jaguars,boxscore,24,20,344,1,374,0,,New England Patriots,Jacksonville Jaguars,New England PatriotsJacksonville Jaguars,,,,-7.5,Tennessee Titans,Oakland Raiders,Tennessee TitansOakland Raiders,-2.5
ConfChamp,Sun,21/01/2018,6:40PM,Philadelphia Eagles,,Minnesota Vikings,boxscore,38,7,456,0,333,3,,Philadelphia Eagles,Minnesota Vikings,Philadelphia EaglesMinnesota Vikings,,,,3,Washington Redskins,Philadelphia Eagles,Washington RedskinsPhiladelphia Eagles,1
SuperBowl,Sun,4/02/2018,6:30PM,Philadelphia Eagles,N,New England Patriots,boxscore,41,33,538,1,613,1,,New England Patriots,Philadelphia Eagles,New England PatriotsPhiladelphia Eagles,,,,-4.5,New England Patriots,Kansas City Chiefs,New England PatriotsKansas City Chiefs,-8
