Week,Day,Date,Time,Winner/tie,,Loser/tie,,Pts,Pts,YdsW,TOW,YdsL,TOL,,HomeTeam,Away Team,,LINES,,,,,,,,,,,,,,
1,Thu,10/09/2020,8:20PM,Kansas City Chiefs,,Houston Texans,boxscore,34,20,369,0,360,1,@,Kansas City Chiefs,Houston Texans,Kansas City ChiefsHouston Texans,-9,,,Kansas City Chiefs,Tampa Bay Buccaneers,Kansas City ChiefsTampa Bay Buccaneers,-3,,,,,,,3,1
1,Sun,13/09/2020,1:00PM,Seattle Seahawks,@,Atlanta Falcons,boxscore,38,25,383,0,506,2,,Atlanta Falcons,Seattle Seahawks,Atlanta FalconsSeattle Seahawks,1,,,Kansas City Chiefs,Buffalo Bills,Kansas City ChiefsBuffalo Bills,-3,,,,,,,-9,269
1,Sun,13/09/2020,1:00PM,Buffalo Bills,,New York Jets,boxscore,27,17,404,2,254,2,,Buffalo Bills,New York Jets,Buffalo BillsNew York Jets,-6.5,,,Green Bay Packers,Tampa Bay Buccaneers,Green Bay PackersTampa Bay Buccaneers,-3,,,,,,,5,268
1,Sun,13/09/2020,1:00PM,Washington Football Team,,Philadelphia Eagles,boxscore,27,17,239,0,265,3,,Washington Football Team,Philadelphia Eagles,Washington Football TeamPhiladelphia Eagles,5,,,New Orleans Saints,Tampa Bay Buccaneers,New Orleans SaintsTampa Bay Buccaneers,-2.5,,,,,,,-7,267
1,Sun,13/09/2020,1:00PM,Green Bay Packers,@,Minnesota Vikings,boxscore,43,34,522,0,382,1,,Minnesota Vikings,Green Bay Packers,Minnesota VikingsGreen Bay Packers,-2.5,,,Kansas City Chiefs,Cleveland Browns,Kansas City ChiefsCleveland Browns,-8,,,,,,,-2.5,266
1,Sun,13/09/2020,1:00PM,Baltimore Ravens,,Cleveland Browns,boxscore,38,6,381,1,306,3,,Baltimore Ravens,Cleveland Browns,Baltimore RavensCleveland Browns,-7,,,Buffalo Bills,Baltimore Ravens,Buffalo BillsBaltimore Ravens,-2.5,,,,,,,8,265
1,Sun,13/09/2020,1:00PM,New England Patriots,,Miami Dolphins,boxscore,21,11,357,1,269,3,,New England Patriots,Miami Dolphins,New England PatriotsMiami Dolphins,-7,,,Green Bay Packers,Los Angeles Rams,Green Bay PackersLos Angeles Rams,-7,,,,,,,-2.5,264
1,Sun,13/09/2020,1:00PM,Jacksonville Jaguars,,Indianapolis Colts,boxscore,27,20,241,0,445,2,,Jacksonville Jaguars,Indianapolis Colts,Jacksonville JaguarsIndianapolis Colts,8,,,Pittsburgh Steelers,Cleveland Browns,Pittsburgh SteelersCleveland Browns,-5.5,,,,,,,3,263
1,Sun,13/09/2020,1:00PM,Las Vegas Raiders,@,Carolina Panthers,boxscore,34,30,372,0,388,0,,Carolina Panthers,Las Vegas Raiders,Carolina PanthersLas Vegas Raiders,3,,,New Orleans Saints,Chicago Bears,New Orleans SaintsChicago Bears,-11,,,,,,,-6.5,262
1,Sun,13/09/2020,1:00PM,Chicago Bears,@,Detroit Lions,boxscore,27,23,363,0,426,1,,Detroit Lions,Chicago Bears,Detroit LionsChicago Bears,-2.5,,,Tennessee Titans,Baltimore Ravens,Tennessee TitansBaltimore Ravens,3.5,,,,,,,-7,261
1,Sun,13/09/2020,4:05PM,Los Angeles Chargers,@,Cincinnati Bengals,boxscore,16,13,362,0,295,2,,Cincinnati Bengals,Los Angeles Chargers,Cincinnati BengalsLos Angeles Chargers,3,,,Washington Football Team,Tampa Bay Buccaneers,Washington Football TeamTampa Bay Buccaneers,10,,,,,,,1,260
1,Sun,13/09/2020,4:25PM,New Orleans Saints,,Tampa Bay Buccaneers,boxscore,34,23,271,0,310,3,,New Orleans Saints,Tampa Bay Buccaneers,New Orleans SaintsTampa Bay Buccaneers,-2.5,,,Seattle Seahawks,Los Angeles Rams,Seattle SeahawksLos Angeles Rams,-3,,,,,,,3,259
1,Sun,13/09/2020,4:25PM,Arizona Cardinals,@,San Francisco 49ers,boxscore,24,20,404,1,366,0,,San Francisco 49ers,Arizona Cardinals,San Francisco 49ersArizona Cardinals,-6.5,,,Buffalo Bills,Indianapolis Colts,Buffalo BillsIndianapolis Colts,-7,,,,,,,-6.5,258
1,Sun,13/09/2020,8:20PM,Los Angeles Rams,,Dallas Cowboys,boxscore,20,17,422,1,380,0,,Los Angeles Rams,Dallas Cowboys,Los Angeles RamsDallas Cowboys,2,,,Philadelphia Eagles,Washington Football Team,Philadelphia EaglesWashington Football Team,6.5,,,,,,,-3.5,257
1,Mon,14/09/2020,7:15PM,Pittsburgh Steelers,@,New York Giants,boxscore,26,16,349,1,291,2,,New York Giants,Pittsburgh Steelers,New York GiantsPittsburgh Steelers,5.5,,,Chicago Bears,Green Bay Packers,Chicago BearsGreen Bay Packers,4.5,,,,,,,2,256
1,Mon,14/09/2020,10:10PM,Tennessee Titans,@,Denver Broncos,boxscore,16,14,377,0,323,1,,Denver Broncos,Tennessee Titans,Denver BroncosTennessee Titans,3,,,Denver Broncos,Las Vegas Raiders,Denver BroncosLas Vegas Raiders,2.5,,,,,,,5.5,255
2,Thu,17/09/2020,8:20PM,Cleveland Browns,,Cincinnati Bengals,boxscore,35,30,434,1,353,1,,Cleveland Browns,Cincinnati Bengals,Cleveland BrownsCincinnati Bengals,-6,,,Kansas City Chiefs,Los Angeles Chargers,Kansas City ChiefsLos Angeles Chargers,6.5,,,,,,,3,254
2,Sun,20/09/2020,1:00PM,San Francisco 49ers,@,New York Jets,boxscore,31,13,359,1,277,0,,New York Jets,San Francisco 49ers,New York JetsSan Francisco 49ers,7,,,Los Angeles Rams,Arizona Cardinals,Los Angeles RamsArizona Cardinals,-1,,,,,,,-6,253
2,Sun,20/09/2020,1:00PM,Pittsburgh Steelers,,Denver Broncos,boxscore,26,21,410,2,319,2,,Pittsburgh Steelers,Denver Broncos,Pittsburgh SteelersDenver Broncos,-6.5,,,San Francisco 49ers,Seattle Seahawks,San Francisco 49ersSeattle Seahawks,7,,,,,,,-7.5,252
2,Sun,20/09/2020,1:00PM,Tampa Bay Buccaneers,,Carolina Panthers,boxscore,31,17,339,2,427,4,,Tampa Bay Buccaneers,Carolina Panthers,Tampa Bay BuccaneersCarolina Panthers,-8,,,Buffalo Bills,Miami Dolphins,Buffalo BillsMiami Dolphins,3,,,,,,,-8,251
2,Sun,20/09/2020,1:00PM,Green Bay Packers,,Detroit Lions,boxscore,42,21,488,0,307,1,,Green Bay Packers,Detroit Lions,Green Bay PackersDetroit Lions,-6,,,Carolina Panthers,New Orleans Saints,Carolina PanthersNew Orleans Saints,6,,,,,,,-6.5,250
2,Sun,20/09/2020,1:00PM,Chicago Bears,,New York Giants,boxscore,17,13,304,2,295,2,,Chicago Bears,New York Giants,Chicago BearsNew York Giants,-5.5,,,Cincinnati Bengals,Baltimore Ravens,Cincinnati BengalsBaltimore Ravens,13.5,,,,,,,-1.5,249
2,Sun,20/09/2020,1:00PM,Tennessee Titans,,Jacksonville Jaguars,boxscore,33,30,354,0,480,2,,Tennessee Titans,Jacksonville Jaguars,Tennessee TitansJacksonville Jaguars,-7.5,,,Cleveland Browns,Pittsburgh Steelers,Cleveland BrownsPittsburgh Steelers,-10.5,,,,,,,7,248
2,Sun,20/09/2020,1:00PM,Dallas Cowboys,,Atlanta Falcons,boxscore,40,39,570,3,380,0,,Dallas Cowboys,Atlanta Falcons,Dallas CowboysAtlanta Falcons,-3.5,,,Detroit Lions,Minnesota Vikings,Detroit LionsMinnesota Vikings,3,,,,,,,5.5,247
2,Sun,20/09/2020,1:00PM,Buffalo Bills,@,Miami Dolphins,boxscore,31,28,523,1,410,0,,Miami Dolphins,Buffalo Bills,Miami DolphinsBuffalo Bills,5.5,,,Houston Texans,Tennessee Titans,Houston TexansTennessee Titans,7,,,,,,,-3,246
2,Sun,20/09/2020,1:00PM,Los Angeles Rams,@,Philadelphia Eagles,boxscore,37,19,449,1,363,3,,Philadelphia Eagles,Los Angeles Rams,Philadelphia EaglesLos Angeles Rams,-1.5,,,Indianapolis Colts,Jacksonville Jaguars,Indianapolis ColtsJacksonville Jaguars,-15.5,,,,,,,-6,245
2,Sun,20/09/2020,1:00PM,Indianapolis Colts,,Minnesota Vikings,boxscore,28,11,354,1,175,3,,Indianapolis Colts,Minnesota Vikings,Indianapolis ColtsMinnesota Vikings,-3,,,New England Patriots,New York Jets,New England PatriotsNew York Jets,-3,,,,,,,-3.5,244
2,Sun,20/09/2020,4:05PM,Arizona Cardinals,,Washington Football Team,boxscore,30,15,438,1,316,2,,Arizona Cardinals,Washington Football Team,Arizona CardinalsWashington Football Team,-7,,,New York Giants,Dallas Cowboys,New York GiantsDallas Cowboys,1.5,,,,,,,-5.5,243
2,Sun,20/09/2020,4:25PM,Baltimore Ravens,@,Houston Texans,boxscore,33,16,407,0,304,2,,Houston Texans,Baltimore Ravens,Houston TexansBaltimore Ravens,7,,,Tampa Bay Buccaneers,Atlanta Falcons,Tampa Bay BuccaneersAtlanta Falcons,-7,,,,,,,-7,242
2,Sun,20/09/2020,4:25PM,Kansas City Chiefs,@,Los Angeles Chargers,boxscore,23,20,414,0,479,1,,Los Angeles Chargers,Kansas City Chiefs,Los Angeles ChargersKansas City Chiefs,8.5,,,New England Patriots,Buffalo Bills,New England PatriotsBuffalo Bills,7,,,,,,,8.5,241
2,Sun,20/09/2020,8:20PM,Seattle Seahawks,,New England Patriots,boxscore,35,30,429,1,464,1,,Seattle Seahawks,New England Patriots,Seattle SeahawksNew England Patriots,-4,,,Green Bay Packers,Tennessee Titans,Green Bay PackersTennessee Titans,-3,,,,,,,7,240
2,Mon,21/09/2020,8:15PM,Las Vegas Raiders,,New Orleans Saints,boxscore,34,24,377,1,424,1,,Las Vegas Raiders,New Orleans Saints,Las Vegas RaidersNew Orleans Saints,5.5,,,Dallas Cowboys,Philadelphia Eagles,Dallas CowboysPhiladelphia Eagles,3,,,,,,,-4,239
3,Thu,24/09/2020,8:20PM,Miami Dolphins,@,Jacksonville Jaguars,boxscore,31,13,294,0,318,2,,Jacksonville Jaguars,Miami Dolphins,Jacksonville JaguarsMiami Dolphins,-3,,,Los Angeles Chargers,Denver Broncos,Los Angeles ChargersDenver Broncos,-2,,,,,,,5.5,238
3,Sun,27/09/2020,1:00PM,Chicago Bears,@,Atlanta Falcons,boxscore,30,26,437,2,371,1,,Atlanta Falcons,Chicago Bears,Atlanta FalconsChicago Bears,-3,,,Seattle Seahawks,Los Angeles Rams,Seattle SeahawksLos Angeles Rams,-1.5,,,,,,,-3,237
3,Sun,27/09/2020,1:00PM,Buffalo Bills,,Los Angeles Rams,boxscore,35,32,375,2,478,2,,Buffalo Bills,Los Angeles Rams,Buffalo BillsLos Angeles Rams,-2,,,Baltimore Ravens,New York Giants,Baltimore RavensNew York Giants,-9.5,,,,,,,-4,236
3,Sun,27/09/2020,1:00PM,Philadelphia Eagles,,Cincinnati Bengals,boxscore,23,23,378,2,304,0,,Philadelphia Eagles,Cincinnati Bengals,Philadelphia EaglesCincinnati Bengals,-4.5,,,Houston Texans,Cincinnati Bengals,Houston TexansCincinnati Bengals,-7.5,,,,,,,-4.5,235
3,Sun,27/09/2020,1:00PM,Tennessee Titans,@,Minnesota Vikings,boxscore,31,30,444,1,464,3,,Minnesota Vikings,Tennessee Titans,Minnesota VikingsTennessee Titans,2.5,,,Jacksonville Jaguars,Chicago Bears,Jacksonville JaguarsChicago Bears,9.5,,,,,,,3,234
3,Sun,27/09/2020,1:00PM,New England Patriots,,Las Vegas Raiders,boxscore,36,20,406,1,375,3,,New England Patriots,Las Vegas Raiders,New England PatriotsLas Vegas Raiders,-6.5,,,Kansas City Chiefs,Atlanta Falcons,Kansas City ChiefsAtlanta Falcons,-11,,,,,,,-6.5,233
3,Sun,27/09/2020,1:00PM,San Francisco 49ers,@,New York Giants,boxscore,36,9,420,0,231,3,,New York Giants,San Francisco 49ers,New York GiantsSan Francisco 49ers,3,,,New York Jets,Cleveland Browns,New York JetsCleveland Browns,6.5,,,,,,,2.5,232
3,Sun,27/09/2020,1:00PM,Pittsburgh Steelers,,Houston Texans,boxscore,28,21,387,0,260,1,,Pittsburgh Steelers,Houston Texans,Pittsburgh SteelersHouston Texans,-4,,,Pittsburgh Steelers,Indianapolis Colts,Pittsburgh SteelersIndianapolis Colts,1,,,,,,,-7,231
3,Sun,27/09/2020,1:00PM,Cleveland Browns,,Washington Football Team,boxscore,34,20,300,0,309,5,,Cleveland Browns,Washington Football Team,Cleveland BrownsWashington Football Team,-7,,,Washington Football Team,Carolina Panthers,Washington Football TeamCarolina Panthers,1,,,,,,,-2,230
3,Sun,27/09/2020,4:05PM,Indianapolis Colts,,New York Jets,boxscore,36,7,353,0,260,3,,Indianapolis Colts,New York Jets,Indianapolis ColtsNew York Jets,-11.5,,,Las Vegas Raiders,Miami Dolphins,Las Vegas RaidersMiami Dolphins,2.5,,,,,,,-3,229
3,Sun,27/09/2020,4:05PM,Carolina Panthers,@,Los Angeles Chargers,boxscore,21,16,302,0,436,4,,Los Angeles Chargers,Carolina Panthers,Los Angeles ChargersCarolina Panthers,-6.5,,,Arizona Cardinals,San Francisco 49ers,Arizona CardinalsSan Francisco 49ers,-6,,,,,,,-6.5,228
3,Sun,27/09/2020,4:25PM,Seattle Seahawks,,Dallas Cowboys,boxscore,38,31,412,1,522,3,,Seattle Seahawks,Dallas Cowboys,Seattle SeahawksDallas Cowboys,-5,,,Detroit Lions,Tampa Bay Buccaneers,Detroit LionsTampa Bay Buccaneers,12,,,,,,,-11.5,227
3,Sun,27/09/2020,4:25PM,Detroit Lions,@,Arizona Cardinals,boxscore,26,23,322,0,377,3,,Arizona Cardinals,Detroit Lions,Arizona CardinalsDetroit Lions,-5.5,,,New Orleans Saints,Minnesota Vikings,New Orleans SaintsMinnesota Vikings,-6.5,,,,,,,-5,226
3,Sun,27/09/2020,4:25PM,Tampa Bay Buccaneers,@,Denver Broncos,boxscore,28,10,353,0,226,2,,Denver Broncos,Tampa Bay Buccaneers,Denver BroncosTampa Bay Buccaneers,6,,,Cincinnati Bengals,Pittsburgh Steelers,Cincinnati BengalsPittsburgh Steelers,14.5,,,,,,,6,225
3,Sun,27/09/2020,8:20PM,Green Bay Packers,@,New Orleans Saints,boxscore,37,30,369,0,397,1,,New Orleans Saints,Green Bay Packers,New Orleans SaintsGreen Bay Packers,-3,,,New York Giants,Cleveland Browns,New York GiantsCleveland Browns,6.5,,,,,,,-5.5,224
3,Mon,28/09/2020,8:15PM,Kansas City Chiefs,@,Baltimore Ravens,boxscore,34,20,517,1,228,1,,Baltimore Ravens,Kansas City Chiefs,Baltimore RavensKansas City Chiefs,-3,,,New Orleans Saints,Kansas City Chiefs,New Orleans SaintsKansas City Chiefs,2.5,,,,,,,-3,223
4,Thu,1/10/2020,8:20PM,Denver Broncos,@,New York Jets,boxscore,37,28,359,3,321,0,,New York Jets,Denver Broncos,New York JetsDenver Broncos,-1.5,,,Arizona Cardinals,Philadelphia Eagles,Arizona CardinalsPhiladelphia Eagles,-6,,,,,,,-3,222
4,Sun,4/10/2020,1:00PM,Carolina Panthers,,Arizona Cardinals,boxscore,31,21,444,1,262,1,,Carolina Panthers,Arizona Cardinals,Carolina PanthersArizona Cardinals,3,,,Los Angeles Rams,New York Jets,Los Angeles RamsNew York Jets,-17,,,,,,,-1.5,221
4,Sun,4/10/2020,1:00PM,Baltimore Ravens,@,Washington Football Team,boxscore,31,17,350,2,343,1,,Washington Football Team,Baltimore Ravens,Washington Football TeamBaltimore Ravens,14,,,Atlanta Falcons,Tampa Bay Buccaneers,Atlanta FalconsTampa Bay Buccaneers,6,,,,,,,14,220
4,Sun,4/10/2020,1:00PM,Minnesota Vikings,@,Houston Texans,boxscore,31,23,410,0,386,1,,Houston Texans,Minnesota Vikings,Houston TexansMinnesota Vikings,-3.5,,,Baltimore Ravens,Jacksonville Jaguars,Baltimore RavensJacksonville Jaguars,-12.5,,,,,,,-7,219
4,Sun,4/10/2020,1:00PM,Cleveland Browns,@,Dallas Cowboys,boxscore,49,38,508,0,566,3,,Dallas Cowboys,Cleveland Browns,Dallas CowboysCleveland Browns,-3.5,,,Dallas Cowboys,San Francisco 49ers,Dallas CowboysSan Francisco 49ers,4,,,,,,,5.5,218
4,Sun,4/10/2020,1:00PM,New Orleans Saints,@,Detroit Lions,boxscore,35,29,392,1,281,1,,Detroit Lions,New Orleans Saints,Detroit LionsNew Orleans Saints,3,,,Indianapolis Colts,Houston Texans,Indianapolis ColtsHouston Texans,-7.5,,,,,,,-3.5,217
4,Sun,4/10/2020,1:00PM,Indianapolis Colts,@,Chicago Bears,boxscore,19,11,289,0,269,1,,Chicago Bears,Indianapolis Colts,Chicago BearsIndianapolis Colts,3,,,Miami Dolphins,New England Patriots,Miami DolphinsNew England Patriots,1,,,,,,,3,216
4,Sun,4/10/2020,1:00PM,Tampa Bay Buccaneers,,Los Angeles Chargers,boxscore,38,31,484,1,324,2,,Tampa Bay Buccaneers,Los Angeles Chargers,Tampa Bay BuccaneersLos Angeles Chargers,-7,,,Minnesota Vikings,Chicago Bears,Minnesota VikingsChicago Bears,-3,,,,,,,-3.5,215
4,Sun,4/10/2020,1:00PM,Cincinnati Bengals,,Jacksonville Jaguars,boxscore,33,25,505,1,429,1,,Cincinnati Bengals,Jacksonville Jaguars,Cincinnati BengalsJacksonville Jaguars,-2.5,,,Tennessee Titans,Detroit Lions,Tennessee TitansDetroit Lions,-8.5,,,,,,,-2.5,214
4,Sun,4/10/2020,1:00PM,Seattle Seahawks,@,Miami Dolphins,boxscore,31,23,441,1,415,2,,Miami Dolphins,Seattle Seahawks,Miami DolphinsSeattle Seahawks,5.5,,,Washington Football Team,Seattle Seahawks,Washington Football TeamSeattle Seahawks,6,,,,,,,3,213
4,Sun,4/10/2020,4:05PM,Los Angeles Rams,,New York Giants,boxscore,17,9,240,1,295,1,,Los Angeles Rams,New York Giants,Los Angeles RamsNew York Giants,-13,,,Green Bay Packers,Carolina Panthers,Green Bay PackersCarolina Panthers,-9,,,,,,,3,212
4,Sun,4/10/2020,4:25PM,Buffalo Bills,@,Las Vegas Raiders,boxscore,30,23,337,0,383,2,,Las Vegas Raiders,Buffalo Bills,Las Vegas RaidersBuffalo Bills,3,,,Denver Broncos,Buffalo Bills,Denver BroncosBuffalo Bills,6,,,,,,,-13,211
4,Sun,4/10/2020,8:20PM,Philadelphia Eagles,@,San Francisco 49ers,boxscore,25,20,267,1,417,3,,San Francisco 49ers,Philadelphia Eagles,San Francisco 49ersPhiladelphia Eagles,-7.5,,,Las Vegas Raiders,Los Angeles Chargers,Las Vegas RaidersLos Angeles Chargers,-3.5,,,,,,,3,210
4,Mon,5/10/2020,7:05PM,Kansas City Chiefs,,New England Patriots,boxscore,26,10,323,1,357,4,,Kansas City Chiefs,New England Patriots,Kansas City ChiefsNew England Patriots,-7,,,Cleveland Browns,Baltimore Ravens,Cleveland BrownsBaltimore Ravens,3,,,,,,,-7.5,209
4,Mon,5/10/2020,8:15PM,Green Bay Packers,,Atlanta Falcons,boxscore,30,16,403,0,327,0,,Green Bay Packers,Atlanta Falcons,Green Bay PackersAtlanta Falcons,-7,,,Buffalo Bills,Pittsburgh Steelers,Buffalo BillsPittsburgh Steelers,-2,,,,,,,-7,208
5,Thu,8/10/2020,8:20PM,Chicago Bears,,Tampa Bay Buccaneers,boxscore,20,19,243,1,339,1,,Chicago Bears,Tampa Bay Buccaneers,Chicago BearsTampa Bay Buccaneers,3.5,,,Los Angeles Chargers,Atlanta Falcons,Los Angeles ChargersAtlanta Falcons,-1,,,,,,,-7,207
5,Sun,11/10/2020,1:00PM,Carolina Panthers,@,Atlanta Falcons,boxscore,23,16,437,0,373,1,,Atlanta Falcons,Carolina Panthers,Atlanta FalconsCarolina Panthers,-2.5,,,Philadelphia Eagles,New Orleans Saints,Philadelphia EaglesNew Orleans Saints,7.5,,,,,,,3.5,206
5,Sun,11/10/2020,1:00PM,Arizona Cardinals,@,New York Jets,boxscore,30,10,496,1,285,0,,New York Jets,Arizona Cardinals,New York JetsArizona Cardinals,7,,,San Francisco 49ers,Washington Football Team,San Francisco 49ersWashington Football Team,-3,,,,,,,7,205
5,Sun,11/10/2020,1:00PM,Baltimore Ravens,,Cincinnati Bengals,boxscore,27,3,332,1,205,3,,Baltimore Ravens,Cincinnati Bengals,Baltimore RavensCincinnati Bengals,-11,,,Las Vegas Raiders,Indianapolis Colts,Las Vegas RaidersIndianapolis Colts,2.5,,,,,,,-7,204
5,Sun,11/10/2020,1:00PM,Las Vegas Raiders,@,Kansas City Chiefs,boxscore,40,32,490,1,413,1,,Kansas City Chiefs,Las Vegas Raiders,Kansas City ChiefsLas Vegas Raiders,-10.5,,,Seattle Seahawks,New York Jets,Seattle SeahawksNew York Jets,-16.5,,,,,,,7,203
5,Sun,11/10/2020,1:00PM,Pittsburgh Steelers,,Philadelphia Eagles,boxscore,38,29,367,1,336,2,,Pittsburgh Steelers,Philadelphia Eagles,Pittsburgh SteelersPhiladelphia Eagles,-7,,,Carolina Panthers,Denver Broncos,Carolina PanthersDenver Broncos,-4,,,,,,,-10.5,202
5,Sun,11/10/2020,1:00PM,Los Angeles Rams,@,Washington Football Team,boxscore,30,10,429,1,108,0,,Washington Football Team,Los Angeles Rams,Washington Football TeamLos Angeles Rams,7,,,Chicago Bears,Houston Texans,Chicago BearsHouston Texans,1,,,,,,,-5.5,201
5,Sun,11/10/2020,1:00PM,Houston Texans,,Jacksonville Jaguars,boxscore,30,14,486,2,364,2,,Houston Texans,Jacksonville Jaguars,Houston TexansJacksonville Jaguars,-5.5,,,Cincinnati Bengals,Dallas Cowboys,Cincinnati BengalsDallas Cowboys,3,,,,,,,-11,200
5,Sun,11/10/2020,4:05PM,Miami Dolphins,@,San Francisco 49ers,boxscore,43,17,436,0,259,3,,San Francisco 49ers,Miami Dolphins,San Francisco 49ersMiami Dolphins,-7.5,,,Detroit Lions,Green Bay Packers,Detroit LionsGreen Bay Packers,9,,,,,,,-2.5,199
5,Sun,11/10/2020,4:25PM,Dallas Cowboys,,New York Giants,boxscore,37,34,402,2,300,1,,Dallas Cowboys,New York Giants,Dallas CowboysNew York Giants,-8,,,Jacksonville Jaguars,Tennessee Titans,Jacksonville JaguarsTennessee Titans,7.5,,,,,,,-7.5,198
5,Sun,11/10/2020,4:25PM,Cleveland Browns,,Indianapolis Colts,boxscore,32,23,385,2,308,2,,Cleveland Browns,Indianapolis Colts,Cleveland BrownsIndianapolis Colts,-1,,,Miami Dolphins,Kansas City Chiefs,Miami DolphinsKansas City Chiefs,7,,,,,,,-8,197
5,Sun,11/10/2020,8:20PM,Seattle Seahawks,,Minnesota Vikings,boxscore,27,26,314,1,449,2,,Seattle Seahawks,Minnesota Vikings,Seattle SeahawksMinnesota Vikings,-6.5,,,New York Giants,Arizona Cardinals,New York GiantsArizona Cardinals,3,,,,,,,-1,196
5,Mon,12/10/2020,8:15PM,New Orleans Saints,,Los Angeles Chargers,boxscore,30,27,408,1,350,0,,New Orleans Saints,Los Angeles Chargers,New Orleans SaintsLos Angeles Chargers,-7,,,Tampa Bay Buccaneers,Minnesota Vikings,Tampa Bay BuccaneersMinnesota Vikings,-7,,,,,,,-6.5,195
5,Tue,13/10/2020,7:00PM,Tennessee Titans,,Buffalo Bills,boxscore,42,16,334,0,370,3,,Tennessee Titans,Buffalo Bills,Tennessee TitansBuffalo Bills,3.5,,,Los Angeles Rams,New England Patriots,Los Angeles RamsNew England Patriots,-5,,,,,,,-7,194
6,Sun,18/10/2020,1:00PM,Detroit Lions,@,Jacksonville Jaguars,boxscore,34,16,403,1,275,2,,Jacksonville Jaguars,Detroit Lions,Jacksonville JaguarsDetroit Lions,3,,,Baltimore Ravens,Dallas Cowboys,Baltimore RavensDallas Cowboys,-8.5,,,,,,,3.5,193
6,Sun,18/10/2020,1:00PM,Denver Broncos,@,New England Patriots,boxscore,18,12,299,2,288,3,,New England Patriots,Denver Broncos,New England PatriotsDenver Broncos,-8,,,San Francisco 49ers,Buffalo Bills,San Francisco 49ersBuffalo Bills,-1.5,,,,,,,-3.5,192
6,Sun,18/10/2020,1:00PM,Baltimore Ravens,@,Philadelphia Eagles,boxscore,30,28,355,0,364,1,,Philadelphia Eagles,Baltimore Ravens,Philadelphia EaglesBaltimore Ravens,10,,,Pittsburgh Steelers,Washington Football Team,Pittsburgh SteelersWashington Football Team,-6,,,,,,,-3,191
6,Sun,18/10/2020,1:00PM,Tennessee Titans,,Houston Texans,boxscore,42,36,607,2,412,0,,Tennessee Titans,Houston Texans,Tennessee TitansHouston Texans,-3.5,,,Kansas City Chiefs,Denver Broncos,Kansas City ChiefsDenver Broncos,-13,,,,,,,10,190
6,Sun,18/10/2020,1:00PM,Pittsburgh Steelers,,Cleveland Browns,boxscore,38,7,277,0,220,2,,Pittsburgh Steelers,Cleveland Browns,Pittsburgh SteelersCleveland Browns,-5.5,,,Green Bay Packers,Philadelphia Eagles,Green Bay PackersPhiladelphia Eagles,-8.5,,,,,,,-2.5,189
6,Sun,18/10/2020,1:00PM,Atlanta Falcons,@,Minnesota Vikings,boxscore,40,23,462,1,365,3,,Minnesota Vikings,Atlanta Falcons,Minnesota VikingsAtlanta Falcons,-4,,,Los Angeles Chargers,New England Patriots,Los Angeles ChargersNew England Patriots,-2,,,,,,,-8,188
6,Sun,18/10/2020,1:00PM,New York Giants,,Washington Football Team,boxscore,20,19,240,1,337,2,,New York Giants,Washington Football Team,New York GiantsWashington Football Team,-2.5,,,Arizona Cardinals,Los Angeles Rams,Arizona CardinalsLos Angeles Rams,2.5,,,,,,,-4,187
6,Sun,18/10/2020,1:00PM,Chicago Bears,@,Carolina Panthers,boxscore,23,16,261,1,303,3,,Carolina Panthers,Chicago Bears,Carolina PanthersChicago Bears,-1.5,,,Seattle Seahawks,New York Giants,Seattle SeahawksNew York Giants,-11,,,,,,,3,186
6,Sun,18/10/2020,1:00PM,Indianapolis Colts,,Cincinnati Bengals,boxscore,31,27,430,2,398,1,,Indianapolis Colts,Cincinnati Bengals,Indianapolis ColtsCincinnati Bengals,-7.5,,,Atlanta Falcons,New Orleans Saints,Atlanta FalconsNew Orleans Saints,2.5,,,,,,,-7.5,185
6,Sun,18/10/2020,4:05PM,Miami Dolphins,,New York Jets,boxscore,24,0,302,2,263,1,,Miami Dolphins,New York Jets,Miami DolphinsNew York Jets,-9,,,Chicago Bears,Detroit Lions,Chicago BearsDetroit Lions,-3,,,,,,,-1.5,184
6,Sun,18/10/2020,4:25PM,Tampa Bay Buccaneers,,Green Bay Packers,boxscore,38,10,324,0,201,2,,Tampa Bay Buccaneers,Green Bay Packers,Tampa Bay BuccaneersGreen Bay Packers,1,,,Houston Texans,Indianapolis Colts,Houston TexansIndianapolis Colts,3.5,,,,,,,-9,183
6,Sun,18/10/2020,8:20PM,San Francisco 49ers,,Los Angeles Rams,boxscore,24,16,390,0,311,1,,San Francisco 49ers,Los Angeles Rams,San Francisco 49ersLos Angeles Rams,2.5,,,Miami Dolphins,Cincinnati Bengals,Miami DolphinsCincinnati Bengals,-10,,,,,,,1,182
6,Mon,19/10/2020,5:00PM,Kansas City Chiefs,@,Buffalo Bills,boxscore,26,17,466,1,206,1,,Buffalo Bills,Kansas City Chiefs,Buffalo BillsKansas City Chiefs,5,,,Minnesota Vikings,Jacksonville Jaguars,Minnesota VikingsJacksonville Jaguars,-10,,,,,,,2.5,181
6,Mon,19/10/2020,8:15PM,Arizona Cardinals,@,Dallas Cowboys,boxscore,38,10,438,0,344,4,,Dallas Cowboys,Arizona Cardinals,Dallas CowboysArizona Cardinals,1,,,New York Jets,Las Vegas Raiders,New York JetsLas Vegas Raiders,7.5,,,,,,,5,180
7,Thu,22/10/2020,8:20PM,Philadelphia Eagles,,New York Giants,boxscore,22,21,442,1,325,3,,Philadelphia Eagles,New York Giants,Philadelphia EaglesNew York Giants,-4.5,,,Tennessee Titans,Cleveland Browns,Tennessee TitansCleveland Browns,-3.5,,,,,,,1,179
7,Sun,25/10/2020,1:00PM,Pittsburgh Steelers,@,Tennessee Titans,boxscore,27,24,362,3,292,0,,Tennessee Titans,Pittsburgh Steelers,Tennessee TitansPittsburgh Steelers,-1,,,Pittsburgh Steelers,Baltimore Ravens,Pittsburgh SteelersBaltimore Ravens,-5,,,,,,,-4.5,178
7,Sun,25/10/2020,1:00PM,Green Bay Packers,@,Houston Texans,boxscore,35,20,379,0,365,1,,Houston Texans,Green Bay Packers,Houston TexansGreen Bay Packers,3,,,Philadelphia Eagles,Seattle Seahawks,Philadelphia EaglesSeattle Seahawks,6.5,,,,,,,-1,177
7,Sun,25/10/2020,1:00PM,Detroit Lions,@,Atlanta Falcons,boxscore,23,22,386,0,388,1,,Atlanta Falcons,Detroit Lions,Atlanta FalconsDetroit Lions,-2,,,Green Bay Packers,Chicago Bears,Green Bay PackersChicago Bears,-9.5,,,,,,,10,176
7,Sun,25/10/2020,1:00PM,Buffalo Bills,@,New York Jets,boxscore,18,10,422,1,191,2,,New York Jets,Buffalo Bills,New York JetsBuffalo Bills,10,,,Tampa Bay Buccaneers,Kansas City Chiefs,Tampa Bay BuccaneersKansas City Chiefs,3.5,,,,,,,-1,175
7,Sun,25/10/2020,1:00PM,Washington Football Team,,Dallas Cowboys,boxscore,25,3,397,0,142,1,,Washington Football Team,Dallas Cowboys,Washington Football TeamDallas Cowboys,-1,,,Denver Broncos,New Orleans Saints,Denver BroncosNew Orleans Saints,14.5,,,,,,,-6.5,174
7,Sun,25/10/2020,1:00PM,New Orleans Saints,,Carolina Panthers,boxscore,27,24,415,1,283,0,,New Orleans Saints,Carolina Panthers,New Orleans SaintsCarolina Panthers,-6.5,,,Los Angeles Rams,San Francisco 49ers,Los Angeles RamsSan Francisco 49ers,-6.5,,,,,,,3,173
7,Sun,25/10/2020,1:00PM,Cleveland Browns,@,Cincinnati Bengals,boxscore,37,34,398,1,468,2,,Cincinnati Bengals,Cleveland Browns,Cincinnati BengalsCleveland Browns,3,,,Atlanta Falcons,Las Vegas Raiders,Atlanta FalconsLas Vegas Raiders,3,,,,,,,3,172
7,Sun,25/10/2020,4:05PM,Tampa Bay Buccaneers,@,Las Vegas Raiders,boxscore,45,20,454,0,347,1,,Las Vegas Raiders,Tampa Bay Buccaneers,Las Vegas RaidersTampa Bay Buccaneers,3.5,,,Buffalo Bills,Los Angeles Chargers,Buffalo BillsLos Angeles Chargers,-4.5,,,,,,,-2,171
7,Sun,25/10/2020,4:25PM,San Francisco 49ers,@,New England Patriots,boxscore,33,6,467,2,241,4,,New England Patriots,San Francisco 49ers,New England PatriotsSan Francisco 49ers,-3,,,Cincinnati Bengals,New York Giants,Cincinnati BengalsNew York Giants,6,,,,,,,3.5,170
7,Sun,25/10/2020,4:25PM,Kansas City Chiefs,@,Denver Broncos,boxscore,43,16,286,1,411,4,,Denver Broncos,Kansas City Chiefs,Denver BroncosKansas City Chiefs,7,,,Indianapolis Colts,Tennessee Titans,Indianapolis ColtsTennessee Titans,-3,,,,,,,-3,169
7,Sun,25/10/2020,4:25PM,Los Angeles Chargers,,Jacksonville Jaguars,boxscore,39,29,484,0,294,1,,Los Angeles Chargers,Jacksonville Jaguars,Los Angeles ChargersJacksonville Jaguars,-7.5,,,Jacksonville Jaguars,Cleveland Browns,Jacksonville JaguarsCleveland Browns,7,,,,,,,7,168
7,Sun,25/10/2020,8:20PM,Arizona Cardinals,,Seattle Seahawks,boxscore,37,34,519,2,572,3,,Arizona Cardinals,Seattle Seahawks,Arizona CardinalsSeattle Seahawks,3.5,,,Minnesota Vikings,Carolina Panthers,Minnesota VikingsCarolina Panthers,-3,,,,,,,-7.5,167
7,Mon,26/10/2020,8:15PM,Los Angeles Rams,,Chicago Bears,boxscore,24,10,371,1,279,2,,Los Angeles Rams,Chicago Bears,Los Angeles RamsChicago Bears,-6,,,New England Patriots,Arizona Cardinals,New England PatriotsArizona Cardinals,2,,,,,,,3.5,166
8,Thu,29/10/2020,8:20PM,Atlanta Falcons,@,Carolina Panthers,boxscore,25,17,401,1,304,1,,Carolina Panthers,Atlanta Falcons,Carolina PanthersAtlanta Falcons,-2,,,New York Jets,Miami Dolphins,New York JetsMiami Dolphins,7,,,,,,,-6,165
8,Sun,1/11/2020,1:00PM,Minnesota Vikings,@,Green Bay Packers,boxscore,28,22,324,0,400,1,,Green Bay Packers,Minnesota Vikings,Green Bay PackersMinnesota Vikings,-6.5,,,Dallas Cowboys,Washington Football Team,Dallas CowboysWashington Football Team,-3,,,,,,,-2,164
8,Sun,1/11/2020,1:00PM,Miami Dolphins,,Los Angeles Rams,boxscore,28,17,145,2,471,4,,Miami Dolphins,Los Angeles Rams,Miami DolphinsLos Angeles Rams,3.5,,,Detroit Lions,Houston Texans,Detroit LionsHouston Texans,3,,,,,,,3.5,163
8,Sun,1/11/2020,1:00PM,Pittsburgh Steelers,@,Baltimore Ravens,boxscore,28,24,221,1,457,4,,Baltimore Ravens,Pittsburgh Steelers,Baltimore RavensPittsburgh Steelers,-4,,,Tampa Bay Buccaneers,Los Angeles Rams,Tampa Bay BuccaneersLos Angeles Rams,-4.5,,,,,,,-19.5,162
8,Sun,1/11/2020,1:00PM,Indianapolis Colts,@,Detroit Lions,boxscore,41,21,366,0,326,2,,Detroit Lions,Indianapolis Colts,Detroit LionsIndianapolis Colts,3,,,Las Vegas Raiders,Kansas City Chiefs,Las Vegas RaidersKansas City Chiefs,7.5,,,,,,,-6.5,161
8,Sun,1/11/2020,1:00PM,Buffalo Bills,,New England Patriots,boxscore,24,21,339,1,349,1,,Buffalo Bills,New England Patriots,Buffalo BillsNew England Patriots,-4.5,,,Indianapolis Colts,Green Bay Packers,Indianapolis ColtsGreen Bay Packers,-1.5,,,,,,,3,160
8,Sun,1/11/2020,1:00PM,Cincinnati Bengals,,Tennessee Titans,boxscore,31,20,367,0,441,1,,Cincinnati Bengals,Tennessee Titans,Cincinnati BengalsTennessee Titans,7,,,Minnesota Vikings,Dallas Cowboys,Minnesota VikingsDallas Cowboys,-7,,,,,,,-1.5,159
8,Sun,1/11/2020,1:00PM,Las Vegas Raiders,@,Cleveland Browns,boxscore,16,6,309,0,223,1,,Cleveland Browns,Las Vegas Raiders,Cleveland BrownsLas Vegas Raiders,-1.5,,,Denver Broncos,Miami Dolphins,Denver BroncosMiami Dolphins,3.5,,,,,,,7,158
8,Sun,1/11/2020,1:00PM,Kansas City Chiefs,,New York Jets,boxscore,35,9,496,0,221,1,,Kansas City Chiefs,New York Jets,Kansas City ChiefsNew York Jets,-19.5,,,Los Angeles Chargers,New York Jets,Los Angeles ChargersNew York Jets,-9.5,,,,,,,-4.5,157
8,Sun,1/11/2020,4:05PM,Denver Broncos,,Los Angeles Chargers,boxscore,31,30,351,1,485,2,,Denver Broncos,Los Angeles Chargers,Denver BroncosLos Angeles Chargers,3.5,,,Baltimore Ravens,Tennessee Titans,Baltimore RavensTennessee Titans,-6,,,,,,,-4,156
8,Sun,1/11/2020,4:25PM,Seattle Seahawks,,San Francisco 49ers,boxscore,37,27,350,0,351,2,,Seattle Seahawks,San Francisco 49ers,Seattle SeahawksSan Francisco 49ers,-3,,,Carolina Panthers,Detroit Lions,Carolina PanthersDetroit Lions,1.5,,,,,,,3.5,155
8,Sun,1/11/2020,4:25PM,New Orleans Saints,@,Chicago Bears,boxscore,26,23,394,0,329,1,,Chicago Bears,New Orleans Saints,Chicago BearsNew Orleans Saints,4,,,Cleveland Browns,Philadelphia Eagles,Cleveland BrownsPhiladelphia Eagles,-3,,,,,,,-3,154
8,Sun,1/11/2020,8:20PM,Philadelphia Eagles,,Dallas Cowboys,boxscore,23,9,222,4,265,2,,Philadelphia Eagles,Dallas Cowboys,Philadelphia EaglesDallas Cowboys,-11.5,,,Houston Texans,New England Patriots,Houston TexansNew England Patriots,2.5,,,,,,,4,153
8,Mon,2/11/2020,8:15PM,Tampa Bay Buccaneers,@,New York Giants,boxscore,25,23,344,1,357,2,,New York Giants,Tampa Bay Buccaneers,New York GiantsTampa Bay Buccaneers,12.5,,,Jacksonville Jaguars,Pittsburgh Steelers,Jacksonville JaguarsPittsburgh Steelers,10.5,,,,,,,-11.5,152
9,Thu,5/11/2020,8:20PM,Green Bay Packers,@,San Francisco 49ers,boxscore,34,17,405,0,337,2,,San Francisco 49ers,Green Bay Packers,San Francisco 49ersGreen Bay Packers,7.5,,,New Orleans Saints,Atlanta Falcons,New Orleans SaintsAtlanta Falcons,-3.5,,,,,,,12.5,151
9,Sun,8/11/2020,1:00PM,Baltimore Ravens,@,Indianapolis Colts,boxscore,24,10,266,1,339,2,,Indianapolis Colts,Baltimore Ravens,Indianapolis ColtsBaltimore Ravens,1,,,Washington Football Team,Cincinnati Bengals,Washington Football TeamCincinnati Bengals,-1.5,,,,,,,7.5,150
9,Sun,8/11/2020,1:00PM,Minnesota Vikings,,Detroit Lions,boxscore,34,20,487,0,421,3,,Minnesota Vikings,Detroit Lions,Minnesota VikingsDetroit Lions,-4,,,Seattle Seahawks,Arizona Cardinals,Seattle SeahawksArizona Cardinals,-3,,,,,,,-2.5,149
9,Sun,8/11/2020,1:00PM,Houston Texans,@,Jacksonville Jaguars,boxscore,27,25,374,1,403,1,,Jacksonville Jaguars,Houston Texans,Jacksonville JaguarsHouston Texans,6.5,,,Chicago Bears,Minnesota Vikings,Chicago BearsMinnesota Vikings,3,,,,,,,-6.5,148
9,Sun,8/11/2020,1:00PM,Atlanta Falcons,,Denver Broncos,boxscore,34,27,363,1,405,1,,Atlanta Falcons,Denver Broncos,Atlanta FalconsDenver Broncos,-4,,,New England Patriots,Baltimore Ravens,New England PatriotsBaltimore Ravens,7,,,,,,,-4,147
9,Sun,8/11/2020,1:00PM,Buffalo Bills,,Seattle Seahawks,boxscore,44,34,420,0,419,4,,Buffalo Bills,Seattle Seahawks,Buffalo BillsSeattle Seahawks,3,,,Los Angeles Rams,Seattle Seahawks,Los Angeles RamsSeattle Seahawks,-3,,,,,,,-10,146
9,Sun,8/11/2020,1:00PM,New York Giants,@,Washington Football Team,boxscore,23,20,350,0,402,5,,Washington Football Team,New York Giants,Washington Football TeamNew York Giants,-2.5,,,New Orleans Saints,San Francisco 49ers,New Orleans SaintsSan Francisco 49ers,-9.5,,,,,,,6.5,145
9,Sun,8/11/2020,1:00PM,Kansas City Chiefs,,Carolina Panthers,boxscore,33,31,397,1,435,0,,Kansas City Chiefs,Carolina Panthers,Kansas City ChiefsCarolina Panthers,-10,,,Arizona Cardinals,Buffalo Bills,Arizona CardinalsBuffalo Bills,-2.5,,,,,,,1,144
9,Sun,8/11/2020,1:00PM,Tennessee Titans,,Chicago Bears,boxscore,24,17,228,0,375,2,,Tennessee Titans,Chicago Bears,Tennessee TitansChicago Bears,-6.5,,,Las Vegas Raiders,Denver Broncos,Las Vegas RaidersDenver Broncos,-3.5,,,,,,,3,143
9,Sun,8/11/2020,4:05PM,Las Vegas Raiders,@,Los Angeles Chargers,boxscore,31,26,320,1,440,1,,Los Angeles Chargers,Las Vegas Raiders,Los Angeles ChargersLas Vegas Raiders,1,,,Miami Dolphins,Los Angeles Chargers,Miami DolphinsLos Angeles Chargers,-2,,,,,,,-4,142
9,Sun,8/11/2020,4:25PM,Miami Dolphins,@,Arizona Cardinals,boxscore,34,31,312,0,442,1,,Arizona Cardinals,Miami Dolphins,Arizona CardinalsMiami Dolphins,-5.5,,,Carolina Panthers,Tampa Bay Buccaneers,Carolina PanthersTampa Bay Buccaneers,6,,,,,,,1,141
9,Sun,8/11/2020,4:25PM,Pittsburgh Steelers,@,Dallas Cowboys,boxscore,24,19,355,0,364,2,,Dallas Cowboys,Pittsburgh Steelers,Dallas CowboysPittsburgh Steelers,14,,,Cleveland Browns,Houston Texans,Cleveland BrownsHouston Texans,-4,,,,,,,14,140
9,Sun,8/11/2020,8:20PM,New Orleans Saints,@,Tampa Bay Buccaneers,boxscore,38,3,420,2,194,3,,Tampa Bay Buccaneers,New Orleans Saints,Tampa Bay BuccaneersNew Orleans Saints,-4,,,Detroit Lions,Washington Football Team,Detroit LionsWashington Football Team,-3,,,,,,,-5.5,139
9,Mon,9/11/2020,8:15PM,New England Patriots,@,New York Jets,boxscore,30,27,433,0,322,1,,New York Jets,New England Patriots,New York JetsNew England Patriots,9.5,,,Green Bay Packers,Jacksonville Jaguars,Green Bay PackersJacksonville Jaguars,-14,,,,,,,-4,138
10,Thu,12/11/2020,8:20PM,Indianapolis Colts,@,Tennessee Titans,boxscore,34,17,430,0,294,0,,Tennessee Titans,Indianapolis Colts,Tennessee TitansIndianapolis Colts,-1,,,New York Giants,Philadelphia Eagles,New York GiantsPhiladelphia Eagles,4,,,,,,,9.5,137
10,Sun,15/11/2020,1:00PM,Detroit Lions,,Washington Football Team,boxscore,30,27,372,0,464,1,,Detroit Lions,Washington Football Team,Detroit LionsWashington Football Team,-3,,,Pittsburgh Steelers,Cincinnati Bengals,Pittsburgh SteelersCincinnati Bengals,-7,,,,,,,-1,136
10,Sun,15/11/2020,1:00PM,Green Bay Packers,,Jacksonville Jaguars,boxscore,24,20,395,2,260,1,,Green Bay Packers,Jacksonville Jaguars,Green Bay PackersJacksonville Jaguars,-14,,,Tennessee Titans,Indianapolis Colts,Tennessee TitansIndianapolis Colts,-1,,,,,,,-7,135
10,Sun,15/11/2020,1:00PM,Cleveland Browns,,Houston Texans,boxscore,10,7,356,0,243,0,,Cleveland Browns,Houston Texans,Cleveland BrownsHouston Texans,-4,,,New York Jets,New England Patriots,New York JetsNew England Patriots,9.5,,,,,,,4,134
10,Sun,15/11/2020,1:00PM,Tampa Bay Buccaneers,@,Carolina Panthers,boxscore,46,23,544,1,187,1,,Carolina Panthers,Tampa Bay Buccaneers,Carolina PanthersTampa Bay Buccaneers,6,,,Tampa Bay Buccaneers,New Orleans Saints,Tampa Bay BuccaneersNew Orleans Saints,-4,,,,,,,-14,133
10,Sun,15/11/2020,1:00PM,New York Giants,,Philadelphia Eagles,boxscore,27,17,382,0,346,0,,New York Giants,Philadelphia Eagles,New York GiantsPhiladelphia Eagles,4,,,Arizona Cardinals,Miami Dolphins,Arizona CardinalsMiami Dolphins,-5.5,,,,,,,-3,132
10,Sun,15/11/2020,4:05PM,Las Vegas Raiders,,Denver Broncos,boxscore,37,12,357,0,313,5,,Las Vegas Raiders,Denver Broncos,Las Vegas RaidersDenver Broncos,-3.5,,,Dallas Cowboys,Pittsburgh Steelers,Dallas CowboysPittsburgh Steelers,14,,,,,,,-4,131
10,Sun,15/11/2020,4:05PM,Miami Dolphins,,Los Angeles Chargers,boxscore,29,21,280,1,273,1,,Miami Dolphins,Los Angeles Chargers,Miami DolphinsLos Angeles Chargers,-2,,,Los Angeles Chargers,Las Vegas Raiders,Los Angeles ChargersLas Vegas Raiders,1,,,,,,,6,130
10,Sun,15/11/2020,4:05PM,Arizona Cardinals,,Buffalo Bills,boxscore,32,30,453,2,369,2,,Arizona Cardinals,Buffalo Bills,Arizona CardinalsBuffalo Bills,-2.5,,,Atlanta Falcons,Denver Broncos,Atlanta FalconsDenver Broncos,-4,,,,,,,-2,129
10,Sun,15/11/2020,4:25PM,Pittsburgh Steelers,,Cincinnati Bengals,boxscore,36,10,377,0,324,2,,Pittsburgh Steelers,Cincinnati Bengals,Pittsburgh SteelersCincinnati Bengals,-7,,,Buffalo Bills,Seattle Seahawks,Buffalo BillsSeattle Seahawks,3,,,,,,,-3.5,128
10,Sun,15/11/2020,4:25PM,New Orleans Saints,,San Francisco 49ers,boxscore,27,13,237,2,281,4,,New Orleans Saints,San Francisco 49ers,New Orleans SaintsSan Francisco 49ers,-9.5,,,Indianapolis Colts,Baltimore Ravens,Indianapolis ColtsBaltimore Ravens,1,,,,,,,-2.5,127
10,Sun,15/11/2020,4:25PM,Los Angeles Rams,,Seattle Seahawks,boxscore,23,16,389,1,333,3,,Los Angeles Rams,Seattle Seahawks,Los Angeles RamsSeattle Seahawks,-3,,,Jacksonville Jaguars,Houston Texans,Jacksonville JaguarsHouston Texans,6.5,,,,,,,-9.5,126
10,Sun,15/11/2020,8:20PM,New England Patriots,,Baltimore Ravens,boxscore,23,17,308,0,357,1,,New England Patriots,Baltimore Ravens,New England PatriotsBaltimore Ravens,7,,,Kansas City Chiefs,Carolina Panthers,Kansas City ChiefsCarolina Panthers,-10,,,,,,,-3,125
10,Mon,16/11/2020,8:15PM,Minnesota Vikings,@,Chicago Bears,boxscore,19,13,385,2,149,2,,Chicago Bears,Minnesota Vikings,Chicago BearsMinnesota Vikings,3,,,Minnesota Vikings,Detroit Lions,Minnesota VikingsDetroit Lions,-4,,,,,,,7,124
11,Thu,19/11/2020,8:20PM,Seattle Seahawks,,Arizona Cardinals,boxscore,28,21,347,0,314,0,,Seattle Seahawks,Arizona Cardinals,Seattle SeahawksArizona Cardinals,-3,,,Tennessee Titans,Chicago Bears,Tennessee TitansChicago Bears,-6.5,,,,,,,3,123
11,Sun,22/11/2020,1:00PM,Tennessee Titans,@,Baltimore Ravens,boxscore,30,24,423,1,306,1,,Baltimore Ravens,Tennessee Titans,Baltimore RavensTennessee Titans,-6,,,Washington Football Team,New York Giants,Washington Football TeamNew York Giants,-2.5,,,,,,,-3,122
11,Sun,22/11/2020,1:00PM,Houston Texans,,New England Patriots,boxscore,27,20,399,0,435,0,,Houston Texans,New England Patriots,Houston TexansNew England Patriots,2.5,,,San Francisco 49ers,Green Bay Packers,San Francisco 49ersGreen Bay Packers,7.5,,,,,,,-1.5,121
11,Sun,22/11/2020,1:00PM,New Orleans Saints,,Atlanta Falcons,boxscore,24,9,376,1,248,2,,New Orleans Saints,Atlanta Falcons,New Orleans SaintsAtlanta Falcons,-3.5,,,New York Giants,Tampa Bay Buccaneers,New York GiantsTampa Bay Buccaneers,12.5,,,,,,,-3.5,120
11,Sun,22/11/2020,1:00PM,Washington Football Team,,Cincinnati Bengals,boxscore,20,9,325,1,272,2,,Washington Football Team,Cincinnati Bengals,Washington Football TeamCincinnati Bengals,-1.5,,,Philadelphia Eagles,Dallas Cowboys,Philadelphia EaglesDallas Cowboys,-11.5,,,,,,,10.5,119
11,Sun,22/11/2020,1:00PM,Pittsburgh Steelers,@,Jacksonville Jaguars,boxscore,27,3,373,1,206,4,,Jacksonville Jaguars,Pittsburgh Steelers,Jacksonville JaguarsPittsburgh Steelers,10.5,,,Chicago Bears,New Orleans Saints,Chicago BearsNew Orleans Saints,4,,,,,,,2.5,118
11,Sun,22/11/2020,1:00PM,Cleveland Browns,,Philadelphia Eagles,boxscore,22,17,324,1,315,3,,Cleveland Browns,Philadelphia Eagles,Cleveland BrownsPhiladelphia Eagles,-3,,,Seattle Seahawks,San Francisco 49ers,Seattle SeahawksSan Francisco 49ers,-3,,,,,,,-3,117
11,Sun,22/11/2020,1:00PM,Carolina Panthers,,Detroit Lions,boxscore,20,0,374,2,185,1,,Carolina Panthers,Detroit Lions,Carolina PanthersDetroit Lions,1.5,,,Denver Broncos,Los Angeles Chargers,Denver BroncosLos Angeles Chargers,3.5,,,,,,,1.5,116
11,Sun,22/11/2020,4:05PM,Los Angeles Chargers,,New York Jets,boxscore,34,28,376,1,292,1,,Los Angeles Chargers,New York Jets,Los Angeles ChargersNew York Jets,-9.5,,,Baltimore Ravens,Pittsburgh Steelers,Baltimore RavensPittsburgh Steelers,-4,,,,,,,-6,115
11,Sun,22/11/2020,4:05PM,Denver Broncos,,Miami Dolphins,boxscore,20,13,459,2,223,1,,Denver Broncos,Miami Dolphins,Denver BroncosMiami Dolphins,3.5,,,Buffalo Bills,New England Patriots,Buffalo BillsNew England Patriots,-4.5,,,,,,,-9.5,114
11,Sun,22/11/2020,4:25PM,Indianapolis Colts,,Green Bay Packers,boxscore,34,31,420,2,367,4,,Indianapolis Colts,Green Bay Packers,Indianapolis ColtsGreen Bay Packers,-1.5,,,Cincinnati Bengals,Tennessee Titans,Cincinnati BengalsTennessee Titans,7,,,,,,,3.5,113
11,Sun,22/11/2020,4:25PM,Dallas Cowboys,@,Minnesota Vikings,boxscore,31,28,376,1,430,2,,Minnesota Vikings,Dallas Cowboys,Minnesota VikingsDallas Cowboys,-7,,,Cleveland Browns,Las Vegas Raiders,Cleveland BrownsLas Vegas Raiders,-1.5,,,,,,,-7,112
11,Sun,22/11/2020,8:20PM,Kansas City Chiefs,@,Las Vegas Raiders,boxscore,35,31,460,1,364,1,,Las Vegas Raiders,Kansas City Chiefs,Las Vegas RaidersKansas City Chiefs,7.5,,,Detroit Lions,Indianapolis Colts,Detroit LionsIndianapolis Colts,3,,,,,,,-1.5,111
11,Mon,23/11/2020,8:15PM,Los Angeles Rams,@,Tampa Bay Buccaneers,boxscore,27,24,413,2,251,2,,Tampa Bay Buccaneers,Los Angeles Rams,Tampa Bay BuccaneersLos Angeles Rams,-4.5,,,Green Bay Packers,Minnesota Vikings,Green Bay PackersMinnesota Vikings,-6.5,,,,,,,7.5,110
12,Thu,26/11/2020,12:30PM,Houston Texans,@,Detroit Lions,boxscore,41,25,384,1,388,3,,Detroit Lions,Houston Texans,Detroit LionsHouston Texans,3,,,Kansas City Chiefs,New York Jets,Kansas City ChiefsNew York Jets,-19.5,,,,,,,-4.5,109
12,Thu,26/11/2020,4:30PM,Washington Football Team,@,Dallas Cowboys,boxscore,41,16,338,1,247,2,,Dallas Cowboys,Washington Football Team,Dallas CowboysWashington Football Team,-3,,,Miami Dolphins,Los Angeles Rams,Miami DolphinsLos Angeles Rams,3.5,,,,,,,3,108
12,Sun,29/11/2020,1:00PM,Atlanta Falcons,,Las Vegas Raiders,boxscore,43,6,304,1,243,5,,Atlanta Falcons,Las Vegas Raiders,Atlanta FalconsLas Vegas Raiders,3,,,Carolina Panthers,Atlanta Falcons,Carolina PanthersAtlanta Falcons,-2,,,,,,,-3,107
12,Sun,29/11/2020,1:00PM,Buffalo Bills,,Los Angeles Chargers,boxscore,27,17,332,3,367,1,,Buffalo Bills,Los Angeles Chargers,Buffalo BillsLos Angeles Chargers,-4.5,,,Los Angeles Rams,Chicago Bears,Los Angeles RamsChicago Bears,-6,,,,,,,7,106
12,Sun,29/11/2020,1:00PM,New York Giants,@,Cincinnati Bengals,boxscore,19,17,386,1,155,3,,Cincinnati Bengals,New York Giants,Cincinnati BengalsNew York Giants,6,,,Las Vegas Raiders,Tampa Bay Buccaneers,Las Vegas RaidersTampa Bay Buccaneers,3.5,,,,,,,2,105
12,Sun,29/11/2020,1:00PM,Cleveland Browns,@,Jacksonville Jaguars,boxscore,27,25,459,1,375,0,,Jacksonville Jaguars,Cleveland Browns,Jacksonville JaguarsCleveland Browns,7,,,Los Angeles Chargers,Jacksonville Jaguars,Los Angeles ChargersJacksonville Jaguars,-7.5,,,,,,,-3,104
12,Sun,29/11/2020,1:00PM,Miami Dolphins,@,New York Jets,boxscore,20,3,345,2,260,2,,New York Jets,Miami Dolphins,New York JetsMiami Dolphins,7,,,Denver Broncos,Kansas City Chiefs,Denver BroncosKansas City Chiefs,7,,,,,,,7,103
12,Sun,29/11/2020,1:00PM,Tennessee Titans,@,Indianapolis Colts,boxscore,45,26,449,0,336,1,,Indianapolis Colts,Tennessee Titans,Indianapolis ColtsTennessee Titans,-3,,,New England Patriots,San Francisco 49ers,New England PatriotsSan Francisco 49ers,-3,,,,,,,-3,102
12,Sun,29/11/2020,1:00PM,New England Patriots,,Arizona Cardinals,boxscore,20,17,179,2,298,1,,New England Patriots,Arizona Cardinals,New England PatriotsArizona Cardinals,2,,,Arizona Cardinals,Seattle Seahawks,Arizona CardinalsSeattle Seahawks,3.5,,,,,,,6,101
12,Sun,29/11/2020,1:00PM,Minnesota Vikings,,Carolina Panthers,boxscore,28,27,387,3,374,1,,Minnesota Vikings,Carolina Panthers,Minnesota VikingsCarolina Panthers,-3,,,Atlanta Falcons,Detroit Lions,Atlanta FalconsDetroit Lions,-2,,,,,,,-4.5,100
12,Sun,29/11/2020,4:05PM,New Orleans Saints,@,Denver Broncos,boxscore,31,3,292,1,112,3,,Denver Broncos,New Orleans Saints,Denver BroncosNew Orleans Saints,14.5,,,Cincinnati Bengals,Cleveland Browns,Cincinnati BengalsCleveland Browns,3,,,,,,,3,99
12,Sun,29/11/2020,4:05PM,San Francisco 49ers,@,Los Angeles Rams,boxscore,23,20,345,3,308,4,,Los Angeles Rams,San Francisco 49ers,Los Angeles RamsSan Francisco 49ers,-6.5,,,Houston Texans,Green Bay Packers,Houston TexansGreen Bay Packers,3,,,,,,,-6.5,98
12,Sun,29/11/2020,4:25PM,Kansas City Chiefs,@,Tampa Bay Buccaneers,boxscore,27,24,543,1,417,2,,Tampa Bay Buccaneers,Kansas City Chiefs,Tampa Bay BuccaneersKansas City Chiefs,3.5,,,New Orleans Saints,Carolina Panthers,New Orleans SaintsCarolina Panthers,-6.5,,,,,,,14.5,97
12,Sun,29/11/2020,8:20PM,Green Bay Packers,,Chicago Bears,boxscore,41,25,393,0,350,3,,Green Bay Packers,Chicago Bears,Green Bay PackersChicago Bears,-9.5,,,Tennessee Titans,Pittsburgh Steelers,Tennessee TitansPittsburgh Steelers,-1,,,,,,,3.5,96
12,Mon,30/11/2020,8:15PM,Seattle Seahawks,@,Philadelphia Eagles,boxscore,23,17,301,0,250,1,,Philadelphia Eagles,Seattle Seahawks,Philadelphia EaglesSeattle Seahawks,6.5,,,New York Jets,Buffalo Bills,New York JetsBuffalo Bills,10,,,,,,,-9.5,95
12,Wed,2/12/2020,3:40PM,Pittsburgh Steelers,,Baltimore Ravens,boxscore,19,14,334,2,219,2,,Pittsburgh Steelers,Baltimore Ravens,Pittsburgh SteelersBaltimore Ravens,-5,,,Washington Football Team,Dallas Cowboys,Washington Football TeamDallas Cowboys,-1,,,,,,,6.5,94
13,Sun,6/12/2020,1:00PM,Indianapolis Colts,@,Houston Texans,boxscore,26,20,371,0,398,2,,Houston Texans,Indianapolis Colts,Houston TexansIndianapolis Colts,3.5,,,Philadelphia Eagles,New York Giants,Philadelphia EaglesNew York Giants,-4.5,,,,,,,-5,93
13,Sun,6/12/2020,1:00PM,Las Vegas Raiders,@,New York Jets,boxscore,31,28,440,2,376,3,,New York Jets,Las Vegas Raiders,New York JetsLas Vegas Raiders,7.5,,,Dallas Cowboys,Arizona Cardinals,Dallas CowboysArizona Cardinals,1,,,,,,,-3.5,92
13,Sun,6/12/2020,1:00PM,Detroit Lions,@,Chicago Bears,boxscore,34,30,460,1,389,1,,Chicago Bears,Detroit Lions,Chicago BearsDetroit Lions,-3,,,Buffalo Bills,Kansas City Chiefs,Buffalo BillsKansas City Chiefs,5,,,,,,,7.5,91
13,Sun,6/12/2020,1:00PM,Minnesota Vikings,,Jacksonville Jaguars,boxscore,27,24,420,2,390,4,,Minnesota Vikings,Jacksonville Jaguars,Minnesota VikingsJacksonville Jaguars,-10,,,San Francisco 49ers,Los Angeles Rams,San Francisco 49ersLos Angeles Rams,2.5,,,,,,,-10,90
13,Sun,6/12/2020,1:00PM,New Orleans Saints,@,Atlanta Falcons,boxscore,21,16,424,1,332,1,,Atlanta Falcons,New Orleans Saints,Atlanta FalconsNew Orleans Saints,2.5,,,Tampa Bay Buccaneers,Green Bay Packers,Tampa Bay BuccaneersGreen Bay Packers,1,,,,,,,-10,89
13,Sun,6/12/2020,1:00PM,Miami Dolphins,,Cincinnati Bengals,boxscore,19,7,406,1,196,2,,Miami Dolphins,Cincinnati Bengals,Miami DolphinsCincinnati Bengals,-10,,,Miami Dolphins,New York Jets,Miami DolphinsNew York Jets,-9,,,,,,,3.5,88
13,Sun,6/12/2020,1:00PM,Cleveland Browns,@,Tennessee Titans,boxscore,41,35,458,1,431,3,,Tennessee Titans,Cleveland Browns,Tennessee TitansCleveland Browns,-3.5,,,Carolina Panthers,Chicago Bears,Carolina PanthersChicago Bears,-1.5,,,,,,,-3,87
13,Sun,6/12/2020,4:05PM,Los Angeles Rams,@,Arizona Cardinals,boxscore,38,28,463,1,232,2,,Arizona Cardinals,Los Angeles Rams,Arizona CardinalsLos Angeles Rams,2.5,,,Indianapolis Colts,Cincinnati Bengals,Indianapolis ColtsCincinnati Bengals,-7.5,,,,,,,2.5,86
13,Sun,6/12/2020,4:05PM,New York Giants,@,Seattle Seahawks,boxscore,17,12,290,1,327,2,,Seattle Seahawks,New York Giants,Seattle SeahawksNew York Giants,-11,,,Jacksonville Jaguars,Detroit Lions,Jacksonville JaguarsDetroit Lions,3,,,,,,,-11,85
13,Sun,6/12/2020,4:25PM,New England Patriots,@,Los Angeles Chargers,boxscore,45,0,291,0,258,2,,Los Angeles Chargers,New England Patriots,Los Angeles ChargersNew England Patriots,-2,,,Minnesota Vikings,Atlanta Falcons,Minnesota VikingsAtlanta Falcons,-4,,,,,,,2.5,84
13,Sun,6/12/2020,4:25PM,Green Bay Packers,,Philadelphia Eagles,boxscore,30,16,437,0,278,1,,Green Bay Packers,Philadelphia Eagles,Green Bay PackersPhiladelphia Eagles,-8.5,,,New England Patriots,Denver Broncos,New England PatriotsDenver Broncos,-8,,,,,,,-2,83
13,Sun,6/12/2020,8:20PM,Kansas City Chiefs,,Denver Broncos,boxscore,22,16,447,0,330,2,,Kansas City Chiefs,Denver Broncos,Kansas City ChiefsDenver Broncos,-13,,,New York Giants,Washington Football Team,New York GiantsWashington Football Team,-2.5,,,,,,,-8.5,82
13,Mon,7/12/2020,5:00PM,Washington Football Team,@,Pittsburgh Steelers,boxscore,23,17,318,0,326,1,,Pittsburgh Steelers,Washington Football Team,Pittsburgh SteelersWashington Football Team,-6,,,Philadelphia Eagles,Baltimore Ravens,Philadelphia EaglesBaltimore Ravens,10,,,,,,,-13,81
13,Mon,7/12/2020,8:15PM,Buffalo Bills,@,San Francisco 49ers,boxscore,34,24,449,1,402,2,,San Francisco 49ers,Buffalo Bills,San Francisco 49ersBuffalo Bills,-1.5,,,Pittsburgh Steelers,Cleveland Browns,Pittsburgh SteelersCleveland Browns,-3,,,,,,,-6,80
13,Tue,8/12/2020,8:05PM,Baltimore Ravens,,Dallas Cowboys,boxscore,34,17,401,1,388,1,,Baltimore Ravens,Dallas Cowboys,Baltimore RavensDallas Cowboys,-8.5,,,Tennessee Titans,Houston Texans,Tennessee TitansHouston Texans,-3.5,,,,,,,-1.5,79
14,Thu,10/12/2020,8:20PM,Los Angeles Rams,,New England Patriots,boxscore,24,3,318,1,220,1,,Los Angeles Rams,New England Patriots,Los Angeles RamsNew England Patriots,-5,,,Tennessee Titans,Buffalo Bills,Tennessee TitansBuffalo Bills,3.5,,,,,,,-8.5,78
14,Sun,13/12/2020,1:00PM,Dallas Cowboys,@,Cincinnati Bengals,boxscore,30,7,272,0,309,3,,Cincinnati Bengals,Dallas Cowboys,Cincinnati BengalsDallas Cowboys,3,,,New Orleans Saints,Los Angeles Chargers,New Orleans SaintsLos Angeles Chargers,-7,,,,,,,-5,77
14,Sun,13/12/2020,1:00PM,Kansas City Chiefs,@,Miami Dolphins,boxscore,33,27,448,4,367,1,,Miami Dolphins,Kansas City Chiefs,Miami DolphinsKansas City Chiefs,7,,,Seattle Seahawks,Minnesota Vikings,Seattle SeahawksMinnesota Vikings,-6.5,,,,,,,-7,76
14,Sun,13/12/2020,1:00PM,Tampa Bay Buccaneers,,Minnesota Vikings,boxscore,26,14,303,0,335,1,,Tampa Bay Buccaneers,Minnesota Vikings,Tampa Bay BuccaneersMinnesota Vikings,-7,,,Cleveland Browns,Indianapolis Colts,Cleveland BrownsIndianapolis Colts,-1,,,,,,,3,75
14,Sun,13/12/2020,1:00PM,Arizona Cardinals,@,New York Giants,boxscore,26,7,390,0,159,3,,New York Giants,Arizona Cardinals,New York GiantsArizona Cardinals,3,,,Dallas Cowboys,New York Giants,Dallas CowboysNew York Giants,-8,,,,,,,7,74
14,Sun,13/12/2020,1:00PM,Denver Broncos,@,Carolina Panthers,boxscore,32,27,365,1,370,0,,Carolina Panthers,Denver Broncos,Carolina PanthersDenver Broncos,-4,,,San Francisco 49ers,Miami Dolphins,San Francisco 49ersMiami Dolphins,-7.5,,,,,,,7.5,73
14,Sun,13/12/2020,1:00PM,Chicago Bears,,Houston Texans,boxscore,36,7,410,0,263,2,,Chicago Bears,Houston Texans,Chicago BearsHouston Texans,1,,,Atlanta Falcons,Carolina Panthers,Atlanta FalconsCarolina Panthers,-2.5,,,,,,,9,72
14,Sun,13/12/2020,1:00PM,Tennessee Titans,@,Jacksonville Jaguars,boxscore,31,10,454,1,354,1,,Jacksonville Jaguars,Tennessee Titans,Jacksonville JaguarsTennessee Titans,7.5,,,Baltimore Ravens,Cincinnati Bengals,Baltimore RavensCincinnati Bengals,-11,,,,,,,3,71
14,Sun,13/12/2020,4:05PM,Indianapolis Colts,@,Las Vegas Raiders,boxscore,44,27,456,0,424,3,,Las Vegas Raiders,Indianapolis Colts,Las Vegas RaidersIndianapolis Colts,2.5,,,Houston Texans,Jacksonville Jaguars,Houston TexansJacksonville Jaguars,-5.5,,,,,,,1,70
14,Sun,13/12/2020,4:05PM,Seattle Seahawks,,New York Jets,boxscore,40,3,410,1,185,1,,Seattle Seahawks,New York Jets,Seattle SeahawksNew York Jets,-16.5,,,Kansas City Chiefs,Las Vegas Raiders,Kansas City ChiefsLas Vegas Raiders,-10.5,,,,,,,-4,69
14,Sun,13/12/2020,4:25PM,Philadelphia Eagles,,New Orleans Saints,boxscore,24,21,413,1,358,2,,Philadelphia Eagles,New Orleans Saints,Philadelphia EaglesNew Orleans Saints,7.5,,,New York Jets,Arizona Cardinals,New York JetsArizona Cardinals,7,,,,,,,-16.5,68
14,Sun,13/12/2020,4:25PM,Los Angeles Chargers,,Atlanta Falcons,boxscore,20,17,345,1,319,3,,Los Angeles Chargers,Atlanta Falcons,Los Angeles ChargersAtlanta Falcons,-1,,,Pittsburgh Steelers,Philadelphia Eagles,Pittsburgh SteelersPhiladelphia Eagles,-7,,,,,,,2.5,67
14,Sun,13/12/2020,4:25PM,Green Bay Packers,@,Detroit Lions,boxscore,31,24,410,0,293,0,,Detroit Lions,Green Bay Packers,Detroit LionsGreen Bay Packers,9,,,Washington Football Team,Los Angeles Rams,Washington Football TeamLos Angeles Rams,7,,,,,,,-3,66
14,Sun,13/12/2020,4:25PM,Washington Football Team,@,San Francisco 49ers,boxscore,23,15,193,1,344,3,,San Francisco 49ers,Washington Football Team,San Francisco 49ersWashington Football Team,-3,,,Chicago Bears,Tampa Bay Buccaneers,Chicago BearsTampa Bay Buccaneers,3.5,,,,,,,7.5,65
14,Sun,13/12/2020,8:20PM,Buffalo Bills,,Pittsburgh Steelers,boxscore,26,15,334,2,224,2,,Buffalo Bills,Pittsburgh Steelers,Buffalo BillsPittsburgh Steelers,-2,,,Green Bay Packers,Atlanta Falcons,Green Bay PackersAtlanta Falcons,-7,,,,,,,-1,64
14,Mon,14/12/2020,8:15PM,Baltimore Ravens,@,Cleveland Browns,boxscore,47,42,385,0,493,1,,Cleveland Browns,Baltimore Ravens,Cleveland BrownsBaltimore Ravens,3,,,Kansas City Chiefs,New England Patriots,Kansas City ChiefsNew England Patriots,-7,,,,,,,-2,63
15,Thu,17/12/2020,8:20PM,Los Angeles Chargers,@,Las Vegas Raiders,boxscore,30,27,402,0,449,1,,Las Vegas Raiders,Los Angeles Chargers,Las Vegas RaidersLos Angeles Chargers,-3.5,,,San Francisco 49ers,Philadelphia Eagles,San Francisco 49ersPhiladelphia Eagles,-7.5,,,,,,,3,62
15,Sat,19/12/2020,4:30PM,Buffalo Bills,@,Denver Broncos,boxscore,48,19,534,1,255,1,,Denver Broncos,Buffalo Bills,Denver BroncosBuffalo Bills,6,,,Las Vegas Raiders,Buffalo Bills,Las Vegas RaidersBuffalo Bills,3,,,,,,,-3.5,61
15,Sat,19/12/2020,8:15PM,Green Bay Packers,,Carolina Panthers,boxscore,24,16,291,0,364,1,,Green Bay Packers,Carolina Panthers,Green Bay PackersCarolina Panthers,-9,,,Los Angeles Rams,New York Giants,Los Angeles RamsNew York Giants,-13,,,,,,,6,60
15,Sun,20/12/2020,1:00PM,Indianapolis Colts,,Houston Texans,boxscore,27,20,350,0,425,2,,Indianapolis Colts,Houston Texans,Indianapolis ColtsHouston Texans,-7.5,,,Carolina Panthers,Arizona Cardinals,Carolina PanthersArizona Cardinals,3,,,,,,,-9,59
15,Sun,20/12/2020,1:00PM,Dallas Cowboys,,San Francisco 49ers,boxscore,41,33,291,0,458,4,,Dallas Cowboys,San Francisco 49ers,Dallas CowboysSan Francisco 49ers,4,,,Chicago Bears,Indianapolis Colts,Chicago BearsIndianapolis Colts,3,,,,,,,6,58
15,Sun,20/12/2020,1:00PM,Chicago Bears,@,Minnesota Vikings,boxscore,33,27,397,1,407,1,,Minnesota Vikings,Chicago Bears,Minnesota VikingsChicago Bears,-3,,,Cincinnati Bengals,Jacksonville Jaguars,Cincinnati BengalsJacksonville Jaguars,-2.5,,,,,,,-8.5,57
15,Sun,20/12/2020,1:00PM,Baltimore Ravens,,Jacksonville Jaguars,boxscore,40,14,409,1,267,1,,Baltimore Ravens,Jacksonville Jaguars,Baltimore RavensJacksonville Jaguars,-12.5,,,Dallas Cowboys,Cleveland Browns,Dallas CowboysCleveland Browns,-3.5,,,,,,,-3,56
15,Sun,20/12/2020,1:00PM,Tampa Bay Buccaneers,@,Atlanta Falcons,boxscore,31,27,416,0,369,0,,Atlanta Falcons,Tampa Bay Buccaneers,Atlanta FalconsTampa Bay Buccaneers,6,,,Detroit Lions,New Orleans Saints,Detroit LionsNew Orleans Saints,3,,,,,,,1,55
15,Sun,20/12/2020,1:00PM,Tennessee Titans,,Detroit Lions,boxscore,46,25,463,0,430,3,,Tennessee Titans,Detroit Lions,Tennessee TitansDetroit Lions,-8.5,,,Houston Texans,Minnesota Vikings,Houston TexansMinnesota Vikings,-3.5,,,,,,,-7.5,54
15,Sun,20/12/2020,1:00PM,Seattle Seahawks,@,Washington Football Team,boxscore,20,15,302,1,353,2,,Washington Football Team,Seattle Seahawks,Washington Football TeamSeattle Seahawks,6,,,Miami Dolphins,Seattle Seahawks,Miami DolphinsSeattle Seahawks,5.5,,,,,,,4,53
15,Sun,20/12/2020,1:00PM,Miami Dolphins,,New England Patriots,boxscore,22,12,383,1,303,1,,Miami Dolphins,New England Patriots,Miami DolphinsNew England Patriots,1,,,Tampa Bay Buccaneers,Los Angeles Chargers,Tampa Bay BuccaneersLos Angeles Chargers,-7,,,,,,,-12.5,52
15,Sun,20/12/2020,4:05PM,Arizona Cardinals,,Philadelphia Eagles,boxscore,33,26,526,3,422,0,,Arizona Cardinals,Philadelphia Eagles,Arizona CardinalsPhiladelphia Eagles,-6,,,Washington Football Team,Baltimore Ravens,Washington Football TeamBaltimore Ravens,14,,,,,,,6,51
15,Sun,20/12/2020,4:05PM,New York Jets,@,Los Angeles Rams,boxscore,23,20,289,0,303,1,,Los Angeles Rams,New York Jets,Los Angeles RamsNew York Jets,-17,,,New York Jets,Denver Broncos,New York JetsDenver Broncos,-1.5,,,,,,,-17,50
15,Sun,20/12/2020,4:25PM,Kansas City Chiefs,@,New Orleans Saints,boxscore,32,29,411,1,285,1,,New Orleans Saints,Kansas City Chiefs,New Orleans SaintsKansas City Chiefs,2.5,,,Baltimore Ravens,Kansas City Chiefs,Baltimore RavensKansas City Chiefs,-3,,,,,,,-6,49
15,Sun,20/12/2020,8:20PM,Cleveland Browns,@,New York Giants,boxscore,20,6,392,0,288,0,,New York Giants,Cleveland Browns,New York GiantsCleveland Browns,6.5,,,New Orleans Saints,Green Bay Packers,New Orleans SaintsGreen Bay Packers,-3,,,,,,,2.5,48
15,Mon,21/12/2020,8:15PM,Cincinnati Bengals,,Pittsburgh Steelers,boxscore,27,17,230,0,244,3,,Cincinnati Bengals,Pittsburgh Steelers,Cincinnati BengalsPittsburgh Steelers,14.5,,,Arizona Cardinals,Detroit Lions,Arizona CardinalsDetroit Lions,-5.5,,,,,,,6.5,47
16,Fri,25/12/2020,4:30PM,New Orleans Saints,,Minnesota Vikings,boxscore,52,33,583,2,364,0,,New Orleans Saints,Minnesota Vikings,New Orleans SaintsMinnesota Vikings,-6.5,,,Denver Broncos,Tampa Bay Buccaneers,Denver BroncosTampa Bay Buccaneers,6,,,,,,,14.5,46
16,Sat,26/12/2020,1:00PM,Tampa Bay Buccaneers,@,Detroit Lions,boxscore,47,7,588,0,186,2,,Detroit Lions,Tampa Bay Buccaneers,Detroit LionsTampa Bay Buccaneers,12,,,Seattle Seahawks,Dallas Cowboys,Seattle SeahawksDallas Cowboys,-5,,,,,,,-6.5,45
16,Sat,26/12/2020,4:30PM,San Francisco 49ers,@,Arizona Cardinals,boxscore,20,12,398,1,350,2,,Arizona Cardinals,San Francisco 49ers,Arizona CardinalsSan Francisco 49ers,-6,,,Indianapolis Colts,New York Jets,Indianapolis ColtsNew York Jets,-11.5,,,,,,,12,44
16,Sat,26/12/2020,8:15PM,Miami Dolphins,@,Las Vegas Raiders,boxscore,26,25,383,0,418,1,,Las Vegas Raiders,Miami Dolphins,Las Vegas RaidersMiami Dolphins,2.5,,,Los Angeles Chargers,Carolina Panthers,Los Angeles ChargersCarolina Panthers,-6.5,,,,,,,-6,43
16,Sun,27/12/2020,1:00PM,Kansas City Chiefs,,Atlanta Falcons,boxscore,17,14,395,2,367,1,,Kansas City Chiefs,Atlanta Falcons,Kansas City ChiefsAtlanta Falcons,-11,,,Atlanta Falcons,Chicago Bears,Atlanta FalconsChicago Bears,-3,,,,,,,2.5,42
16,Sun,27/12/2020,1:00PM,Cincinnati Bengals,@,Houston Texans,boxscore,37,31,540,0,488,1,,Houston Texans,Cincinnati Bengals,Houston TexansCincinnati Bengals,-7.5,,,Buffalo Bills,Los Angeles Rams,Buffalo BillsLos Angeles Rams,-2,,,,,,,1,41
16,Sun,27/12/2020,1:00PM,New York Jets,,Cleveland Browns,boxscore,23,16,333,0,299,2,,New York Jets,Cleveland Browns,New York JetsCleveland Browns,6.5,,,Cleveland Browns,Washington Football Team,Cleveland BrownsWashington Football Team,-7,,,,,,,1,40
16,Sun,27/12/2020,1:00PM,Pittsburgh Steelers,,Indianapolis Colts,boxscore,28,24,354,0,365,2,,Pittsburgh Steelers,Indianapolis Colts,Pittsburgh SteelersIndianapolis Colts,1,,,Minnesota Vikings,Tennessee Titans,Minnesota VikingsTennessee Titans,2.5,,,,,,,6.5,39
16,Sun,27/12/2020,1:00PM,Baltimore Ravens,,New York Giants,boxscore,27,13,432,1,269,0,,Baltimore Ravens,New York Giants,Baltimore RavensNew York Giants,-9.5,,,New England Patriots,Las Vegas Raiders,New England PatriotsLas Vegas Raiders,-6.5,,,,,,,-11,38
16,Sun,27/12/2020,1:00PM,Chicago Bears,@,Jacksonville Jaguars,boxscore,41,17,391,1,279,2,,Jacksonville Jaguars,Chicago Bears,Jacksonville JaguarsChicago Bears,9.5,,,New York Giants,San Francisco 49ers,New York GiantsSan Francisco 49ers,3,,,,,,,9.5,37
16,Sun,27/12/2020,4:05PM,Los Angeles Chargers,,Denver Broncos,boxscore,19,16,316,0,396,2,,Los Angeles Chargers,Denver Broncos,Los Angeles ChargersDenver Broncos,-2,,,Philadelphia Eagles,Cincinnati Bengals,Philadelphia EaglesCincinnati Bengals,-4.5,,,,,,,-7.5,36
16,Sun,27/12/2020,4:05PM,Carolina Panthers,@,Washington Football Team,boxscore,20,13,280,2,386,4,,Washington Football Team,Carolina Panthers,Washington Football TeamCarolina Panthers,1,,,Pittsburgh Steelers,Houston Texans,Pittsburgh SteelersHouston Texans,-4,,,,,,,-9.5,35
16,Sun,27/12/2020,4:25PM,Seattle Seahawks,,Los Angeles Rams,boxscore,20,9,292,0,334,1,,Seattle Seahawks,Los Angeles Rams,Seattle SeahawksLos Angeles Rams,-3,,,Jacksonville Jaguars,Miami Dolphins,Jacksonville JaguarsMiami Dolphins,-3,,,,,,,-1.5,34
16,Sun,27/12/2020,4:25PM,Dallas Cowboys,,Philadelphia Eagles,boxscore,37,17,513,1,477,3,,Dallas Cowboys,Philadelphia Eagles,Dallas CowboysPhiladelphia Eagles,3,,,Las Vegas Raiders,New Orleans Saints,Las Vegas RaidersNew Orleans Saints,5.5,,,,,,,-2,33
16,Sun,27/12/2020,8:20PM,Green Bay Packers,,Tennessee Titans,boxscore,40,14,448,1,260,2,,Green Bay Packers,Tennessee Titans,Green Bay PackersTennessee Titans,-3,,,Seattle Seahawks,New England Patriots,Seattle SeahawksNew England Patriots,-4,,,,,,,3,32
16,Mon,28/12/2020,8:15PM,Buffalo Bills,@,New England Patriots,boxscore,38,9,474,0,201,0,,New England Patriots,Buffalo Bills,New England PatriotsBuffalo Bills,7,,,Houston Texans,Baltimore Ravens,Houston TexansBaltimore Ravens,7,,,,,,,-3,31
17,Sun,3/01/2021,1:00PM,New York Giants,,Dallas Cowboys,boxscore,23,19,336,2,307,1,,New York Giants,Dallas Cowboys,New York GiantsDallas Cowboys,1.5,,,Los Angeles Chargers,Kansas City Chiefs,Los Angeles ChargersKansas City Chiefs,8.5,,,,,,,7,30
17,Sun,3/01/2021,1:00PM,Tampa Bay Buccaneers,,Atlanta Falcons,boxscore,44,27,485,1,385,2,,Tampa Bay Buccaneers,Atlanta Falcons,Tampa Bay BuccaneersAtlanta Falcons,-7,,,Arizona Cardinals,Washington Football Team,Arizona CardinalsWashington Football Team,-7,,,,,,,-7,29
17,Sun,3/01/2021,1:00PM,New England Patriots,,New York Jets,boxscore,28,14,404,0,350,2,,New England Patriots,New York Jets,New England PatriotsNew York Jets,-3,,,Chicago Bears,New York Giants,Chicago BearsNew York Giants,-5.5,,,,,,,1.5,28
17,Sun,3/01/2021,1:00PM,Buffalo Bills,,Miami Dolphins,boxscore,56,26,455,2,454,4,,Buffalo Bills,Miami Dolphins,Buffalo BillsMiami Dolphins,3,,,Dallas Cowboys,Atlanta Falcons,Dallas CowboysAtlanta Falcons,-3.5,,,,,,,-3,27
17,Sun,3/01/2021,1:00PM,Minnesota Vikings,@,Detroit Lions,boxscore,37,35,508,0,417,2,,Detroit Lions,Minnesota Vikings,Detroit LionsMinnesota Vikings,3,,,Green Bay Packers,Detroit Lions,Green Bay PackersDetroit Lions,-6,,,,,,,-15.5,26
17,Sun,3/01/2021,1:00PM,Baltimore Ravens,@,Cincinnati Bengals,boxscore,38,3,525,1,195,2,,Cincinnati Bengals,Baltimore Ravens,Cincinnati BengalsBaltimore Ravens,13.5,,,Indianapolis Colts,Minnesota Vikings,Indianapolis ColtsMinnesota Vikings,-3,,,,,,,7,25
17,Sun,3/01/2021,1:00PM,Cleveland Browns,,Pittsburgh Steelers,boxscore,24,22,358,0,394,1,,Cleveland Browns,Pittsburgh Steelers,Cleveland BrownsPittsburgh Steelers,-10.5,,,Miami Dolphins,Buffalo Bills,Miami DolphinsBuffalo Bills,5.5,,,,,,,3,24
17,Sun,3/01/2021,4:25PM,Indianapolis Colts,,Jacksonville Jaguars,boxscore,28,14,437,1,283,1,,Indianapolis Colts,Jacksonville Jaguars,Indianapolis ColtsJacksonville Jaguars,-15.5,,,New York Jets,San Francisco 49ers,New York JetsSan Francisco 49ers,7,,,,,,,-10.5,23
17,Sun,3/01/2021,4:25PM,Los Angeles Rams,,Arizona Cardinals,boxscore,18,7,333,2,214,1,,Los Angeles Rams,Arizona Cardinals,Los Angeles RamsArizona Cardinals,-1,,,Philadelphia Eagles,Los Angeles Rams,Philadelphia EaglesLos Angeles Rams,-1.5,,,,,,,13.5,22
17,Sun,3/01/2021,4:25PM,New Orleans Saints,@,Carolina Panthers,boxscore,33,7,347,0,320,5,,Carolina Panthers,New Orleans Saints,Carolina PanthersNew Orleans Saints,6,,,Pittsburgh Steelers,Denver Broncos,Pittsburgh SteelersDenver Broncos,-6.5,,,,,,,6,21
17,Sun,3/01/2021,4:25PM,Seattle Seahawks,@,San Francisco 49ers,boxscore,26,23,280,0,328,1,,San Francisco 49ers,Seattle Seahawks,San Francisco 49ersSeattle Seahawks,7,,,Tampa Bay Buccaneers,Carolina Panthers,Tampa Bay BuccaneersCarolina Panthers,-8,,,,,,,3,20
17,Sun,3/01/2021,4:25PM,Green Bay Packers,@,Chicago Bears,boxscore,35,16,316,1,356,2,,Chicago Bears,Green Bay Packers,Chicago BearsGreen Bay Packers,4.5,,,Tennessee Titans,Jacksonville Jaguars,Tennessee TitansJacksonville Jaguars,-7.5,,,,,,,7,19
17,Sun,3/01/2021,4:25PM,Los Angeles Chargers,@,Kansas City Chiefs,boxscore,38,21,416,0,268,1,,Kansas City Chiefs,Los Angeles Chargers,Kansas City ChiefsLos Angeles Chargers,6.5,,,Cleveland Browns,Cincinnati Bengals,Cleveland BrownsCincinnati Bengals,-6,,,,,,,-1,18
17,Sun,3/01/2021,4:25PM,Las Vegas Raiders,@,Denver Broncos,boxscore,32,31,465,4,446,0,,Denver Broncos,Las Vegas Raiders,Denver BroncosLas Vegas Raiders,2.5,,,Denver Broncos,Tennessee Titans,Denver BroncosTennessee Titans,3,,,,,,,6.5,17
17,Sun,3/01/2021,4:25PM,Tennessee Titans,@,Houston Texans,boxscore,41,38,492,1,457,1,,Houston Texans,Tennessee Titans,Houston TexansTennessee Titans,7,,,New York Giants,Pittsburgh Steelers,New York GiantsPittsburgh Steelers,5.5,,,,,,,2.5,16
17,Sun,3/01/2021,8:20PM,Washington Football Team,@,Philadelphia Eagles,boxscore,20,14,248,2,216,3,,Philadelphia Eagles,Washington Football Team,Philadelphia EaglesWashington Football Team,6.5,,,Los Angeles Rams,Dallas Cowboys,Los Angeles RamsDallas Cowboys,2,,,,,,,4.5,15
WildCard,Sat,9/01/2021,1:05PM,Buffalo Bills,,Indianapolis Colts,boxscore,27,24,397,0,472,0,,Buffalo Bills,Indianapolis Colts,Buffalo BillsIndianapolis Colts,-7,,,New Orleans Saints,Tampa Bay Buccaneers,New Orleans SaintsTampa Bay Buccaneers,-3.5,,,,,,,6.5,14
WildCard,Sat,9/01/2021,4:40PM,Los Angeles Rams,@,Seattle Seahawks,boxscore,30,20,333,0,278,2,,Seattle Seahawks,Los Angeles Rams,Seattle SeahawksLos Angeles Rams,-3,,,San Francisco 49ers,Arizona Cardinals,San Francisco 49ersArizona Cardinals,-6.5,,,,,,,-7,13
WildCard,Sat,9/01/2021,8:15PM,Tampa Bay Buccaneers,@,Washington Football Team,boxscore,31,23,507,1,375,1,,Washington Football Team,Tampa Bay Buccaneers,Washington Football TeamTampa Bay Buccaneers,10,,,Cincinnati Bengals,Los Angeles Chargers,Cincinnati BengalsLos Angeles Chargers,3,,,,,,,-3,12
WildCard,Sun,10/01/2021,1:05PM,Baltimore Ravens,@,Tennessee Titans,boxscore,20,13,401,1,209,1,,Tennessee Titans,Baltimore Ravens,Tennessee TitansBaltimore Ravens,3.5,,,Atlanta Falcons,Seattle Seahawks,Atlanta FalconsSeattle Seahawks,1,,,,,,,10,11
WildCard,Sun,10/01/2021,4:40PM,New Orleans Saints,,Chicago Bears,boxscore,21,9,385,1,239,0,,New Orleans Saints,Chicago Bears,New Orleans SaintsChicago Bears,-11,,,Baltimore Ravens,Cleveland Browns,Baltimore RavensCleveland Browns,-7,,,,,,,3.5,10
WildCard,Sun,10/01/2021,8:15PM,Cleveland Browns,@,Pittsburgh Steelers,boxscore,48,37,390,0,553,5,,Pittsburgh Steelers,Cleveland Browns,Pittsburgh SteelersCleveland Browns,-5.5,,,Buffalo Bills,New York Jets,Buffalo BillsNew York Jets,-6.5,,,,,,,-11,9
Division,Sat,16/01/2021,4:35PM,Green Bay Packers,,Los Angeles Rams,boxscore,32,18,484,0,244,0,,Green Bay Packers,Los Angeles Rams,Green Bay PackersLos Angeles Rams,-7,,,Carolina Panthers,Las Vegas Raiders,Carolina PanthersLas Vegas Raiders,3,,,,,,,-5.5,8
Division,Sat,16/01/2021,8:15PM,Buffalo Bills,,Baltimore Ravens,boxscore,17,3,220,0,340,1,,Buffalo Bills,Baltimore Ravens,Buffalo BillsBaltimore Ravens,-2.5,,,Detroit Lions,Chicago Bears,Detroit LionsChicago Bears,-2.5,,,,,,,-7,7
Division,Sun,17/01/2021,3:05PM,Kansas City Chiefs,,Cleveland Browns,boxscore,22,17,438,1,308,2,,Kansas City Chiefs,Cleveland Browns,Kansas City ChiefsCleveland Browns,-8,,,Jacksonville Jaguars,Indianapolis Colts,Jacksonville JaguarsIndianapolis Colts,8,,,,,,,-2.5,6
Division,Sun,17/01/2021,6:40PM,Tampa Bay Buccaneers,@,New Orleans Saints,boxscore,30,20,316,0,294,4,,New Orleans Saints,Tampa Bay Buccaneers,New Orleans SaintsTampa Bay Buccaneers,-2.5,,,Minnesota Vikings,Green Bay Packers,Minnesota VikingsGreen Bay Packers,-2.5,,,,,,,-8,5
ConfChamp,Sun,24/01/2021,3:05PM,Tampa Bay Buccaneers,@,Green Bay Packers,boxscore,31,26,351,3,381,2,,Green Bay Packers,Tampa Bay Buccaneers,Green Bay PackersTampa Bay Buccaneers,-3,,,New England Patriots,Miami Dolphins,New England PatriotsMiami Dolphins,-7,,,,,,,-2.5,4
ConfChamp,Sun,24/01/2021,6:40PM,Kansas City Chiefs,,Buffalo Bills,boxscore,38,24,439,1,363,1,,Kansas City Chiefs,Buffalo Bills,Kansas City ChiefsBuffalo Bills,-3,,,Washington Football Team,Philadelphia Eagles,Washington Football TeamPhiladelphia Eagles,5,,,,,,,-3,3
SuperBowl,Sun,7/02/2021,6:30PM,Tampa Bay Buccaneers,@,Kansas City Chiefs,boxscore,31,9,340,0,350,2,,Kansas City Chiefs,Tampa Bay Buccaneers,Kansas City ChiefsTampa Bay Buccaneers,-3,,,Kansas City Chiefs,Houston Texans,Kansas City ChiefsHouston Texans,-9,,,,,,,-3,2
